observation_id,campaign_id,experiment_id,created_at,category,description,metric_name,metric_value,eligible_for_promotion,note
OBS_00001,C001,EXP_0001,2026-09-30T18:05:12Z,score_decile_shape,DIR_RETURN_15/RIDGE: mean target top decile +0.00010 vs bottom decile +0.00004 (pooled-OOS deciles; not selection trials),decile10_minus_decile1,6.42974429703895e-05,False,DIAGNOSTIC - CANNOT INFLUENCE PROMOTION IN THE GENERATING EXPERIMENT; lead for a NEW experiment only
OBS_00002,C001,EXP_0001,2026-09-30T18:05:12Z,feature_importance,"DIR_RETURN_15/RIDGE: top features BROWNIAN_DISP_15 (0.1662), BODY_BALANCE_60 (0.1584), BODY_BALANCE_30 (0.157) (diagnostic importance; models still consume the whole bank)",top_feature_importance,0.16616121130753136,False,DIAGNOSTIC - CANNOT INFLUENCE PROMOTION IN THE GENERATING EXPERIMENT; lead for a NEW experiment only
OBS_00003,C001,EXP_0001,2026-09-30T18:05:12Z,score_decile_shape,DIR_RETURN_15/SPLINE: mean target top decile -0.00007 vs bottom decile +0.00010 (pooled-OOS deciles; not selection trials),decile10_minus_decile1,-0.00017013432149508393,False,DIAGNOSTIC - CANNOT INFLUENCE PROMOTION IN THE GENERATING EXPERIMENT; lead for a NEW experiment only
OBS_00004,C001,EXP_0001,2026-09-30T18:05:12Z,feature_importance,"DIR_RETURN_15/SPLINE: top features VOV_30 (0.5832), RV_15 (0.5821), HURST_480 (0.5687) (diagnostic importance; models still consume the whole bank)",top_feature_importance,0.5832185032060079,False,DIAGNOSTIC - CANNOT INFLUENCE PROMOTION IN THE GENERATING EXPERIMENT; lead for a NEW experiment only
OBS_00005,C001,EXP_0001,2026-09-30T18:05:12Z,score_decile_shape,DIR_RETURN_15/XGB: mean target top decile +0.00015 vs bottom decile -0.00002 (pooled-OOS deciles; not selection trials),decile10_minus_decile1,0.0001659120234814428,False,DIAGNOSTIC - CANNOT INFLUENCE PROMOTION IN THE GENERATING EXPERIMENT; lead for a NEW experiment only
OBS_00006,C001,EXP_0001,2026-09-30T18:05:12Z,feature_importance,"DIR_RETURN_15/XGB: top features day_of_week (0.03635), RET_30 (0.02108), HURST_240 (0.02102) (diagnostic importance; models still consume the whole bank)",top_feature_importance,0.03635276760905981,False,DIAGNOSTIC - CANNOT INFLUENCE PROMOTION IN THE GENERATING EXPERIMENT; lead for a NEW experiment only
OBS_00007,C001,EXP_0001,2026-09-30T18:05:12Z,score_decile_shape,DIR_RETURN_30/RIDGE: mean target top decile +0.00001 vs bottom decile +0.00013 (pooled-OOS deciles; not selection trials),decile10_minus_decile1,-0.000124020144054187,False,DIAGNOSTIC - CANNOT INFLUENCE PROMOTION IN THE GENERATING EXPERIMENT; lead for a NEW experiment only
OBS_00008,C001,EXP_0001,2026-09-30T18:05:12Z,feature_importance,"DIR_RETURN_30/RIDGE: top features day_of_week (0.1645), RET_15 (0.1435), BROWNIAN_DISP_30 (0.136) (diagnostic importance; models still consume the whole bank)",top_feature_importance,0.1645033814953805,False,DIAGNOSTIC - CANNOT INFLUENCE PROMOTION IN THE GENERATING EXPERIMENT; lead for a NEW experiment only
OBS_00009,C001,EXP_0001,2026-09-30T18:05:12Z,score_decile_shape,DIR_RETURN_30/SPLINE: mean target top decile -0.00021 vs bottom decile +0.00021 (pooled-OOS deciles; not selection trials),decile10_minus_decile1,-0.0004226562647038863,False,DIAGNOSTIC - CANNOT INFLUENCE PROMOTION IN THE GENERATING EXPERIMENT; lead for a NEW experiment only
OBS_00010,C001,EXP_0001,2026-09-30T18:05:12Z,feature_importance,"DIR_RETURN_30/SPLINE: top features VR_60_4 (0.641), VR_60_8 (0.5882), VOV_30 (0.5621) (diagnostic importance; models still consume the whole bank)",top_feature_importance,0.6409625398079845,False,DIAGNOSTIC - CANNOT INFLUENCE PROMOTION IN THE GENERATING EXPERIMENT; lead for a NEW experiment only
OBS_00011,C001,EXP_0001,2026-09-30T18:05:12Z,score_decile_shape,DIR_RETURN_30/XGB: mean target top decile +0.00006 vs bottom decile +0.00007 (pooled-OOS deciles; not selection trials),decile10_minus_decile1,-6.841578787927116e-06,False,DIAGNOSTIC - CANNOT INFLUENCE PROMOTION IN THE GENERATING EXPERIMENT; lead for a NEW experiment only
OBS_00012,C001,EXP_0001,2026-09-30T18:05:12Z,feature_importance,"DIR_RETURN_30/XGB: top features day_of_week (0.0633), cos_RTH_phase (0.02046), VR_60_2 (0.0198) (diagnostic importance; models still consume the whole bank)",top_feature_importance,0.0632979975392421,False,DIAGNOSTIC - CANNOT INFLUENCE PROMOTION IN THE GENERATING EXPERIMENT; lead for a NEW experiment only
OBS_00013,C001,EXP_0001,2026-09-30T18:05:12Z,score_decile_shape,DIR_RETURN_60/RIDGE: mean target top decile -0.00006 vs bottom decile +0.00019 (pooled-OOS deciles; not selection trials),decile10_minus_decile1,-0.0002452984769020097,False,DIAGNOSTIC - CANNOT INFLUENCE PROMOTION IN THE GENERATING EXPERIMENT; lead for a NEW experiment only
OBS_00014,C001,EXP_0001,2026-09-30T18:05:12Z,feature_importance,"DIR_RETURN_60/RIDGE: top features RET_15 (0.2021), BROWNIAN_DISP_15 (0.1818), day_of_week (0.1395) (diagnostic importance; models still consume the whole bank)",top_feature_importance,0.20213910373875646,False,DIAGNOSTIC - CANNOT INFLUENCE PROMOTION IN THE GENERATING EXPERIMENT; lead for a NEW experiment only
OBS_00015,C001,EXP_0001,2026-09-30T18:05:12Z,score_decile_shape,DIR_RETURN_60/SPLINE: mean target top decile +0.00000 vs bottom decile +0.00026 (pooled-OOS deciles; not selection trials),decile10_minus_decile1,-0.0002617317180694619,False,DIAGNOSTIC - CANNOT INFLUENCE PROMOTION IN THE GENERATING EXPERIMENT; lead for a NEW experiment only
OBS_00016,C001,EXP_0001,2026-09-30T18:05:12Z,feature_importance,"DIR_RETURN_60/SPLINE: top features sin_RTH_phase (0.663), VR_60_8 (0.6255), RANGE_POS_15 (0.596) (diagnostic importance; models still consume the whole bank)",top_feature_importance,0.6629986635605719,False,DIAGNOSTIC - CANNOT INFLUENCE PROMOTION IN THE GENERATING EXPERIMENT; lead for a NEW experiment only
OBS_00017,C001,EXP_0001,2026-09-30T18:05:12Z,score_decile_shape,DIR_RETURN_60/XGB: mean target top decile -0.00008 vs bottom decile +0.00011 (pooled-OOS deciles; not selection trials),decile10_minus_decile1,-0.00019045573796221344,False,DIAGNOSTIC - CANNOT INFLUENCE PROMOTION IN THE GENERATING EXPERIMENT; lead for a NEW experiment only
OBS_00018,C001,EXP_0001,2026-09-30T18:05:12Z,feature_importance,"DIR_RETURN_60/XGB: top features day_of_week (0.04443), RV_5 (0.02095), VR_120_2 (0.02091) (diagnostic importance; models still consume the whole bank)",top_feature_importance,0.044429692439734936,False,DIAGNOSTIC - CANNOT INFLUENCE PROMOTION IN THE GENERATING EXPERIMENT; lead for a NEW experiment only
OBS_00019,C001,EXP_0001,2026-09-30T18:05:12Z,score_decile_shape,DIR_PATH_SKEW_60/RIDGE: mean target top decile +0.00010 vs bottom decile +0.00020 (pooled-OOS deciles; not selection trials),decile10_minus_decile1,-0.0001040492737766452,False,DIAGNOSTIC - CANNOT INFLUENCE PROMOTION IN THE GENERATING EXPERIMENT; lead for a NEW experiment only
OBS_00020,C001,EXP_0001,2026-09-30T18:05:12Z,feature_importance,"DIR_PATH_SKEW_60/RIDGE: top features RET_15 (0.1846), BROWNIAN_DISP_15 (0.1808), day_of_week (0.1661) (diagnostic importance; models still consume the whole bank)",top_feature_importance,0.1845907018545266,False,DIAGNOSTIC - CANNOT INFLUENCE PROMOTION IN THE GENERATING EXPERIMENT; lead for a NEW experiment only
OBS_00021,C001,EXP_0001,2026-09-30T18:05:12Z,score_decile_shape,DIR_PATH_SKEW_60/SPLINE: mean target top decile -0.00022 vs bottom decile +0.00020 (pooled-OOS deciles; not selection trials),decile10_minus_decile1,-0.00042231127928756115,False,DIAGNOSTIC - CANNOT INFLUENCE PROMOTION IN THE GENERATING EXPERIMENT; lead for a NEW experiment only
OBS_00022,C001,EXP_0001,2026-09-30T18:05:12Z,feature_importance,"DIR_PATH_SKEW_60/SPLINE: top features VOV_30 (0.6697), VR_60_4 (0.5563), VR_60_8 (0.5542) (diagnostic importance; models still consume the whole bank)",top_feature_importance,0.6697490771050473,False,DIAGNOSTIC - CANNOT INFLUENCE PROMOTION IN THE GENERATING EXPERIMENT; lead for a NEW experiment only
OBS_00023,C001,EXP_0001,2026-09-30T18:05:12Z,score_decile_shape,DIR_PATH_SKEW_60/XGB: mean target top decile -0.00011 vs bottom decile +0.00010 (pooled-OOS deciles; not selection trials),decile10_minus_decile1,-0.0002065427542265537,False,DIAGNOSTIC - CANNOT INFLUENCE PROMOTION IN THE GENERATING EXPERIMENT; lead for a NEW experiment only
OBS_00024,C001,EXP_0001,2026-09-30T18:05:12Z,feature_importance,"DIR_PATH_SKEW_60/XGB: top features day_of_week (0.0534), VR_60_2 (0.02144), RV_5 (0.02044) (diagnostic importance; models still consume the whole bank)",top_feature_importance,0.05339641341318687,False,DIAGNOSTIC - CANNOT INFLUENCE PROMOTION IN THE GENERATING EXPERIMENT; lead for a NEW experiment only
OBS_00025,C001,EXP_0001,2026-09-30T18:05:12Z,long_short_asymmetry,DIR_RETURN_15: mean standardized-free uplift UPPER_HALF -0.00002 vs LOWER_HALF -0.00001 across models,upper_minus_lower_uplift,-1.7622947923279159e-06,False,DIAGNOSTIC - CANNOT INFLUENCE PROMOTION IN THE GENERATING EXPERIMENT; lead for a NEW experiment only
OBS_00026,C001,EXP_0001,2026-09-30T18:05:12Z,long_short_asymmetry,DIR_RETURN_30: mean standardized-free uplift UPPER_HALF -0.00004 vs LOWER_HALF -0.00004 across models,upper_minus_lower_uplift,-1.7531842964228306e-06,False,DIAGNOSTIC - CANNOT INFLUENCE PROMOTION IN THE GENERATING EXPERIMENT; lead for a NEW experiment only
OBS_00027,C001,EXP_0001,2026-09-30T18:05:12Z,long_short_asymmetry,DIR_RETURN_60: mean standardized-free uplift UPPER_HALF -0.00001 vs LOWER_HALF -0.00001 across models,upper_minus_lower_uplift,1.5701558510722712e-06,False,DIAGNOSTIC - CANNOT INFLUENCE PROMOTION IN THE GENERATING EXPERIMENT; lead for a NEW experiment only
OBS_00028,C001,EXP_0001,2026-09-30T18:05:12Z,long_short_asymmetry,DIR_PATH_SKEW_60: mean standardized-free uplift UPPER_HALF -0.00010 vs LOWER_HALF -0.00008 across models,upper_minus_lower_uplift,-1.3023469108316768e-05,False,DIAGNOSTIC - CANNOT INFLUENCE PROMOTION IN THE GENERATING EXPERIMENT; lead for a NEW experiment only
