campaign_id,experiment_id,trial_id,target,model,state,event_hash,feature_bank_hash,target_bank_hash,model_bank_hash,trial_policy_hash,train_period,oos_period,n_parent_events,n_selected_events,parent_frequency,selected_frequency,retention_ratio,parent_effect,selected_effect,uplift,standardized_uplift,bootstrap_ci_low,bootstrap_ci_high,raw_p,experiment_q,campaign_q,positive_years,eligible_years,decision,rejection_reason,status,registered_at,revealed_at,target_sd,n_oos_weeks
C001,EXP_0001,EXP_0001_T01,DIR_RETURN_15,RIDGE,UPPER_HALF,44e06e221523aced82286d24445acbe7673293a6d4d9a5d2cfa5331167c97dd8,300ce5991f52cad544bbf6b84652d739db8d92e12ab32bc1583ee9ac5282fc6a,f80648bdf43fa0447a9475fc0a9c0a30000bc991a315ccea54f98753e7cd8025,2c578364b2b07ac5eb1454911a3391a2796b03c097e5d9f8f28e8863ad17e569,819cb33531905086e0c3abc52c610b61389bdcf02067ce15507bee4c65079e23,2016-01-04..2016-12-31,2017-01-01..2019-12-31,3337,1624,21.254777070063696,10.343949044585987,0.4866646688642493,1.9833330420272494e-05,3.53401131048446e-05,1.5506782684572105e-05,0.009978109301338932,-3.5075729631811294e-05,7.113994646168124e-05,0.30134932533733133,0.9975012493753125,0.9975012493753125,3,3,REJECTED_INSUFFICIENT_UPLIFT,"[REJECTED_INSUFFICIENT_UPLIFT] standardized uplift 0.010 < 0.1 at retention 0.49 (REJECTED_INSUFFICIENT_UPLIFT_FOR_FREQUENCY_LOSS); [REJECTED_STATISTICAL] bootstrap CI lower bound -0.0000 <= 0, experiment_q 0.9975 > 0.05, campaign_q 0.9975 > 0.05",REVEALED,2026-09-30T18:04:36Z,2026-09-30T18:05:11Z,0.0015540802587210884,157.0
C001,EXP_0001,EXP_0001_T02,DIR_RETURN_15,RIDGE,LOWER_HALF,44e06e221523aced82286d24445acbe7673293a6d4d9a5d2cfa5331167c97dd8,300ce5991f52cad544bbf6b84652d739db8d92e12ab32bc1583ee9ac5282fc6a,f80648bdf43fa0447a9475fc0a9c0a30000bc991a315ccea54f98753e7cd8025,2c578364b2b07ac5eb1454911a3391a2796b03c097e5d9f8f28e8863ad17e569,819cb33531905086e0c3abc52c610b61389bdcf02067ce15507bee4c65079e23,2016-01-04..2016-12-31,2017-01-01..2019-12-31,3337,1713,21.254777070063696,10.910828025477707,0.5133353311357507,-1.9833330420272494e-05,-5.132212451944941e-06,1.4701117968327554e-05,0.009459690312536151,-3.2619498804991507e-05,6.80310381631241e-05,0.30134932533733133,0.9975012493753125,0.9975012493753125,2,3,REJECTED_INSUFFICIENT_UPLIFT,"[REJECTED_INSUFFICIENT_UPLIFT] standardized uplift 0.009 < 0.1 at retention 0.51 (REJECTED_INSUFFICIENT_UPLIFT_FOR_FREQUENCY_LOSS); [REJECTED_STATISTICAL] bootstrap CI lower bound -0.0000 <= 0, experiment_q 0.9975 > 0.05, campaign_q 0.9975 > 0.05; [REJECTED_INSTABILITY] positive years 2/3 (need >= 70% of eligible years with >= 20 selected events)",REVEALED,2026-09-30T18:04:36Z,2026-09-30T18:05:11Z,0.0015540802587210884,157.0
C001,EXP_0001,EXP_0001_T03,DIR_RETURN_15,SPLINE,UPPER_HALF,44e06e221523aced82286d24445acbe7673293a6d4d9a5d2cfa5331167c97dd8,300ce5991f52cad544bbf6b84652d739db8d92e12ab32bc1583ee9ac5282fc6a,f80648bdf43fa0447a9475fc0a9c0a30000bc991a315ccea54f98753e7cd8025,2c578364b2b07ac5eb1454911a3391a2796b03c097e5d9f8f28e8863ad17e569,819cb33531905086e0c3abc52c610b61389bdcf02067ce15507bee4c65079e23,2016-01-04..2016-12-31,2017-01-01..2019-12-31,3337,1643,21.254777070063696,10.464968152866241,0.49235840575367096,1.9833330420272494e-05,-2.059381628376867e-06,-2.1892712048649362e-05,-0.01408724673374701,-7.578878590535799e-05,3.0586933202034475e-05,0.7901049475262368,0.9975012493753125,0.9975012493753125,2,3,REJECTED_INSUFFICIENT_UPLIFT,"[REJECTED_INSUFFICIENT_UPLIFT] standardized uplift -0.014 < 0.1 at retention 0.49 (REJECTED_INSUFFICIENT_UPLIFT_FOR_FREQUENCY_LOSS); [REJECTED_STATISTICAL] bootstrap CI lower bound -0.0001 <= 0, experiment_q 0.9975 > 0.05, campaign_q 0.9975 > 0.05; [REJECTED_INSTABILITY] positive years 2/3 (need >= 70% of eligible years with >= 20 selected events)",REVEALED,2026-09-30T18:04:36Z,2026-09-30T18:05:11Z,0.0015540802587210884,157.0
C001,EXP_0001,EXP_0001_T04,DIR_RETURN_15,SPLINE,LOWER_HALF,44e06e221523aced82286d24445acbe7673293a6d4d9a5d2cfa5331167c97dd8,300ce5991f52cad544bbf6b84652d739db8d92e12ab32bc1583ee9ac5282fc6a,f80648bdf43fa0447a9475fc0a9c0a30000bc991a315ccea54f98753e7cd8025,2c578364b2b07ac5eb1454911a3391a2796b03c097e5d9f8f28e8863ad17e569,819cb33531905086e0c3abc52c610b61389bdcf02067ce15507bee4c65079e23,2016-01-04..2016-12-31,2017-01-01..2019-12-31,3337,1694,21.254777070063696,10.789808917197453,0.507641594246329,-1.9833330420272494e-05,-4.106693484526121e-05,-2.1233604424988716e-05,-0.013663132457819556,-7.396554624323073e-05,2.991461543958071e-05,0.7901049475262368,0.9975012493753125,0.9975012493753125,1,3,REJECTED_INSUFFICIENT_UPLIFT,"[REJECTED_INSUFFICIENT_UPLIFT] standardized uplift -0.014 < 0.1 at retention 0.51 (REJECTED_INSUFFICIENT_UPLIFT_FOR_FREQUENCY_LOSS); [REJECTED_STATISTICAL] bootstrap CI lower bound -0.0001 <= 0, experiment_q 0.9975 > 0.05, campaign_q 0.9975 > 0.05; [REJECTED_INSTABILITY] positive years 1/3 (need >= 70% of eligible years with >= 20 selected events)",REVEALED,2026-09-30T18:04:36Z,2026-09-30T18:05:11Z,0.0015540802587210884,157.0
C001,EXP_0001,EXP_0001_T05,DIR_RETURN_15,XGB,UPPER_HALF,44e06e221523aced82286d24445acbe7673293a6d4d9a5d2cfa5331167c97dd8,300ce5991f52cad544bbf6b84652d739db8d92e12ab32bc1583ee9ac5282fc6a,f80648bdf43fa0447a9475fc0a9c0a30000bc991a315ccea54f98753e7cd8025,2c578364b2b07ac5eb1454911a3391a2796b03c097e5d9f8f28e8863ad17e569,819cb33531905086e0c3abc52c610b61389bdcf02067ce15507bee4c65079e23,2016-01-04..2016-12-31,2017-01-01..2019-12-31,3337,1556,21.254777070063696,9.910828025477707,0.4662870842073719,1.9833330420272494e-05,-2.3175377389949726e-05,-4.300870781022222e-05,-0.02767470184944999,-0.00010095879648512706,1.3679004536700951e-05,0.9385307346326837,0.9975012493753125,0.9975012493753125,0,3,REJECTED_INSUFFICIENT_UPLIFT,"[REJECTED_INSUFFICIENT_UPLIFT] standardized uplift -0.028 < 0.1 at retention 0.47 (REJECTED_INSUFFICIENT_UPLIFT_FOR_FREQUENCY_LOSS); [REJECTED_STATISTICAL] bootstrap CI lower bound -0.0001 <= 0, experiment_q 0.9975 > 0.05, campaign_q 0.9975 > 0.05; [REJECTED_INSTABILITY] positive years 0/3 (need >= 70% of eligible years with >= 20 selected events)",REVEALED,2026-09-30T18:04:36Z,2026-09-30T18:05:11Z,0.0015540802587210884,157.0
C001,EXP_0001,EXP_0001_T06,DIR_RETURN_15,XGB,LOWER_HALF,44e06e221523aced82286d24445acbe7673293a6d4d9a5d2cfa5331167c97dd8,300ce5991f52cad544bbf6b84652d739db8d92e12ab32bc1583ee9ac5282fc6a,f80648bdf43fa0447a9475fc0a9c0a30000bc991a315ccea54f98753e7cd8025,2c578364b2b07ac5eb1454911a3391a2796b03c097e5d9f8f28e8863ad17e569,819cb33531905086e0c3abc52c610b61389bdcf02067ce15507bee4c65079e23,2016-01-04..2016-12-31,2017-01-01..2019-12-31,3337,1781,21.254777070063696,11.343949044585987,0.5337129157926281,-1.9833330420272494e-05,-5.740859676092705e-05,-3.7575266340654554e-05,-0.024178459336184264,-8.734655744409108e-05,1.187025379920002e-05,0.9385307346326837,0.9975012493753125,0.9975012493753125,1,3,REJECTED_INSUFFICIENT_UPLIFT,"[REJECTED_INSUFFICIENT_UPLIFT] standardized uplift -0.024 < 0.1 at retention 0.53 (REJECTED_INSUFFICIENT_UPLIFT_FOR_FREQUENCY_LOSS); [REJECTED_STATISTICAL] bootstrap CI lower bound -0.0001 <= 0, experiment_q 0.9975 > 0.05, campaign_q 0.9975 > 0.05; [REJECTED_INSTABILITY] positive years 1/3 (need >= 70% of eligible years with >= 20 selected events)",REVEALED,2026-09-30T18:04:36Z,2026-09-30T18:05:11Z,0.0015540802587210884,157.0
C001,EXP_0001,EXP_0001_T07,DIR_RETURN_30,RIDGE,UPPER_HALF,44e06e221523aced82286d24445acbe7673293a6d4d9a5d2cfa5331167c97dd8,300ce5991f52cad544bbf6b84652d739db8d92e12ab32bc1583ee9ac5282fc6a,f80648bdf43fa0447a9475fc0a9c0a30000bc991a315ccea54f98753e7cd8025,2c578364b2b07ac5eb1454911a3391a2796b03c097e5d9f8f28e8863ad17e569,819cb33531905086e0c3abc52c610b61389bdcf02067ce15507bee4c65079e23,2016-01-04..2016-12-31,2017-01-01..2019-12-31,3337,1614,21.254777070063696,10.280254777070065,0.48366796523823796,-3.711053681712039e-05,-5.6068718701338486e-05,-1.89581818842181e-05,-0.008545756630861994,-9.919718388796785e-05,5.818811442983816e-05,0.6926536731634183,0.9975012493753125,0.9975012493753125,0,3,REJECTED_INSUFFICIENT_UPLIFT,"[REJECTED_INSUFFICIENT_UPLIFT] standardized uplift -0.009 < 0.1 at retention 0.48 (REJECTED_INSUFFICIENT_UPLIFT_FOR_FREQUENCY_LOSS); [REJECTED_STATISTICAL] bootstrap CI lower bound -0.0001 <= 0, experiment_q 0.9975 > 0.05, campaign_q 0.9975 > 0.05; [REJECTED_INSTABILITY] positive years 0/3 (need >= 70% of eligible years with >= 20 selected events)",REVEALED,2026-09-30T18:04:36Z,2026-09-30T18:05:11Z,0.0022184322235146337,157.0
C001,EXP_0001,EXP_0001_T08,DIR_RETURN_30,RIDGE,LOWER_HALF,44e06e221523aced82286d24445acbe7673293a6d4d9a5d2cfa5331167c97dd8,300ce5991f52cad544bbf6b84652d739db8d92e12ab32bc1583ee9ac5282fc6a,f80648bdf43fa0447a9475fc0a9c0a30000bc991a315ccea54f98753e7cd8025,2c578364b2b07ac5eb1454911a3391a2796b03c097e5d9f8f28e8863ad17e569,819cb33531905086e0c3abc52c610b61389bdcf02067ce15507bee4c65079e23,2016-01-04..2016-12-31,2017-01-01..2019-12-31,3337,1723,21.254777070063696,10.97452229299363,0.516332034761762,3.711053681712039e-05,1.9351682747980498e-05,-1.775885406913989e-05,-0.008005137087760456,-9.282611954303166e-05,5.5157187111942674e-05,0.6926536731634183,0.9975012493753125,0.9975012493753125,3,3,REJECTED_INSUFFICIENT_UPLIFT,"[REJECTED_INSUFFICIENT_UPLIFT] standardized uplift -0.008 < 0.1 at retention 0.52 (REJECTED_INSUFFICIENT_UPLIFT_FOR_FREQUENCY_LOSS); [REJECTED_STATISTICAL] bootstrap CI lower bound -0.0001 <= 0, experiment_q 0.9975 > 0.05, campaign_q 0.9975 > 0.05",REVEALED,2026-09-30T18:04:36Z,2026-09-30T18:05:11Z,0.0022184322235146337,157.0
C001,EXP_0001,EXP_0001_T09,DIR_RETURN_30,SPLINE,UPPER_HALF,44e06e221523aced82286d24445acbe7673293a6d4d9a5d2cfa5331167c97dd8,300ce5991f52cad544bbf6b84652d739db8d92e12ab32bc1583ee9ac5282fc6a,f80648bdf43fa0447a9475fc0a9c0a30000bc991a315ccea54f98753e7cd8025,2c578364b2b07ac5eb1454911a3391a2796b03c097e5d9f8f28e8863ad17e569,819cb33531905086e0c3abc52c610b61389bdcf02067ce15507bee4c65079e23,2016-01-04..2016-12-31,2017-01-01..2019-12-31,3337,1654,21.254777070063696,10.535031847133759,0.4956547797422835,-3.711053681712039e-05,-8.906816350115713e-05,-5.195762668403675e-05,-0.023420876298722772,-0.00012574427164231076,2.006580685940175e-05,0.9075462268865567,0.9975012493753125,0.9975012493753125,0,3,REJECTED_INSUFFICIENT_UPLIFT,"[REJECTED_INSUFFICIENT_UPLIFT] standardized uplift -0.023 < 0.1 at retention 0.50 (REJECTED_INSUFFICIENT_UPLIFT_FOR_FREQUENCY_LOSS); [REJECTED_STATISTICAL] bootstrap CI lower bound -0.0001 <= 0, experiment_q 0.9975 > 0.05, campaign_q 0.9975 > 0.05; [REJECTED_INSTABILITY] positive years 0/3 (need >= 70% of eligible years with >= 20 selected events)",REVEALED,2026-09-30T18:04:36Z,2026-09-30T18:05:11Z,0.0022184322235146337,157.0
C001,EXP_0001,EXP_0001_T10,DIR_RETURN_30,SPLINE,LOWER_HALF,44e06e221523aced82286d24445acbe7673293a6d4d9a5d2cfa5331167c97dd8,300ce5991f52cad544bbf6b84652d739db8d92e12ab32bc1583ee9ac5282fc6a,f80648bdf43fa0447a9475fc0a9c0a30000bc991a315ccea54f98753e7cd8025,2c578364b2b07ac5eb1454911a3391a2796b03c097e5d9f8f28e8863ad17e569,819cb33531905086e0c3abc52c610b61389bdcf02067ce15507bee4c65079e23,2016-01-04..2016-12-31,2017-01-01..2019-12-31,3337,1683,21.254777070063696,10.719745222929935,0.5043452202577166,3.711053681712039e-05,-1.395180099357288e-05,-5.106233781069327e-05,-0.02301730802025399,-0.00012472096922137128,1.9408184886955397e-05,0.9075462268865567,0.9975012493753125,0.9975012493753125,1,3,REJECTED_INSUFFICIENT_UPLIFT,"[REJECTED_INSUFFICIENT_UPLIFT] standardized uplift -0.023 < 0.1 at retention 0.50 (REJECTED_INSUFFICIENT_UPLIFT_FOR_FREQUENCY_LOSS); [REJECTED_STATISTICAL] bootstrap CI lower bound -0.0001 <= 0, experiment_q 0.9975 > 0.05, campaign_q 0.9975 > 0.05; [REJECTED_INSTABILITY] positive years 1/3 (need >= 70% of eligible years with >= 20 selected events)",REVEALED,2026-09-30T18:04:36Z,2026-09-30T18:05:11Z,0.0022184322235146337,157.0
C001,EXP_0001,EXP_0001_T11,DIR_RETURN_30,XGB,UPPER_HALF,44e06e221523aced82286d24445acbe7673293a6d4d9a5d2cfa5331167c97dd8,300ce5991f52cad544bbf6b84652d739db8d92e12ab32bc1583ee9ac5282fc6a,f80648bdf43fa0447a9475fc0a9c0a30000bc991a315ccea54f98753e7cd8025,2c578364b2b07ac5eb1454911a3391a2796b03c097e5d9f8f28e8863ad17e569,819cb33531905086e0c3abc52c610b61389bdcf02067ce15507bee4c65079e23,2016-01-04..2016-12-31,2017-01-01..2019-12-31,3337,1603,21.254777070063696,10.210191082802547,0.4803715912496254,-3.711053681712039e-05,-7.900366179626845e-05,-4.1893124979148064e-05,-0.018884113084499523,-0.00011437695011400768,2.7128069659386795e-05,0.8500749625187406,0.9975012493753125,0.9975012493753125,0,3,REJECTED_INSUFFICIENT_UPLIFT,"[REJECTED_INSUFFICIENT_UPLIFT] standardized uplift -0.019 < 0.1 at retention 0.48 (REJECTED_INSUFFICIENT_UPLIFT_FOR_FREQUENCY_LOSS); [REJECTED_STATISTICAL] bootstrap CI lower bound -0.0001 <= 0, experiment_q 0.9975 > 0.05, campaign_q 0.9975 > 0.05; [REJECTED_INSTABILITY] positive years 0/3 (need >= 70% of eligible years with >= 20 selected events)",REVEALED,2026-09-30T18:04:36Z,2026-09-30T18:05:11Z,0.0022184322235146337,157.0
C001,EXP_0001,EXP_0001_T12,DIR_RETURN_30,XGB,LOWER_HALF,44e06e221523aced82286d24445acbe7673293a6d4d9a5d2cfa5331167c97dd8,300ce5991f52cad544bbf6b84652d739db8d92e12ab32bc1583ee9ac5282fc6a,f80648bdf43fa0447a9475fc0a9c0a30000bc991a315ccea54f98753e7cd8025,2c578364b2b07ac5eb1454911a3391a2796b03c097e5d9f8f28e8863ad17e569,819cb33531905086e0c3abc52c610b61389bdcf02067ce15507bee4c65079e23,2016-01-04..2016-12-31,2017-01-01..2019-12-31,3337,1734,21.254777070063696,11.044585987261147,0.5196284087503746,3.711053681712039e-05,-1.6176519611808457e-06,-3.872818877830123e-05,-0.017457458635785888,-0.00010416647300569137,2.5198126197418413e-05,0.8500749625187406,0.9975012493753125,0.9975012493753125,1,3,REJECTED_INSUFFICIENT_UPLIFT,"[REJECTED_INSUFFICIENT_UPLIFT] standardized uplift -0.017 < 0.1 at retention 0.52 (REJECTED_INSUFFICIENT_UPLIFT_FOR_FREQUENCY_LOSS); [REJECTED_STATISTICAL] bootstrap CI lower bound -0.0001 <= 0, experiment_q 0.9975 > 0.05, campaign_q 0.9975 > 0.05; [REJECTED_INSTABILITY] positive years 1/3 (need >= 70% of eligible years with >= 20 selected events)",REVEALED,2026-09-30T18:04:36Z,2026-09-30T18:05:11Z,0.0022184322235146337,157.0
C001,EXP_0001,EXP_0001_T13,DIR_RETURN_60,RIDGE,UPPER_HALF,44e06e221523aced82286d24445acbe7673293a6d4d9a5d2cfa5331167c97dd8,300ce5991f52cad544bbf6b84652d739db8d92e12ab32bc1583ee9ac5282fc6a,f80648bdf43fa0447a9475fc0a9c0a30000bc991a315ccea54f98753e7cd8025,2c578364b2b07ac5eb1454911a3391a2796b03c097e5d9f8f28e8863ad17e569,819cb33531905086e0c3abc52c610b61389bdcf02067ce15507bee4c65079e23,2016-01-04..2016-12-31,2017-01-01..2019-12-31,3337,1598,21.254777070063696,10.178343949044587,0.4788732394366197,6.5106758973206455e-06,8.833139702956144e-05,8.18207211322408e-05,0.025660944120846095,-3.29191783570752e-05,0.00019780274082401494,0.08495752123938032,0.9975012493753125,0.9975012493753125,3,3,REJECTED_INSUFFICIENT_UPLIFT,"[REJECTED_INSUFFICIENT_UPLIFT] standardized uplift 0.026 < 0.1 at retention 0.48 (REJECTED_INSUFFICIENT_UPLIFT_FOR_FREQUENCY_LOSS); [REJECTED_STATISTICAL] bootstrap CI lower bound -0.0000 <= 0, experiment_q 0.9975 > 0.05, campaign_q 0.9975 > 0.05",REVEALED,2026-09-30T18:04:36Z,2026-09-30T18:05:11Z,0.003188531207071698,157.0
C001,EXP_0001,EXP_0001_T14,DIR_RETURN_60,RIDGE,LOWER_HALF,44e06e221523aced82286d24445acbe7673293a6d4d9a5d2cfa5331167c97dd8,300ce5991f52cad544bbf6b84652d739db8d92e12ab32bc1583ee9ac5282fc6a,f80648bdf43fa0447a9475fc0a9c0a30000bc991a315ccea54f98753e7cd8025,2c578364b2b07ac5eb1454911a3391a2796b03c097e5d9f8f28e8863ad17e569,819cb33531905086e0c3abc52c610b61389bdcf02067ce15507bee4c65079e23,2016-01-04..2016-12-31,2017-01-01..2019-12-31,3337,1739,21.254777070063696,11.07643312101911,0.5211267605633803,-6.5106758973206455e-06,6.867593271068443e-05,7.518660860800508e-05,0.02358032702996669,-3.079933915802717e-05,0.00018078808374756802,0.08495752123938032,0.9975012493753125,0.9975012493753125,3,3,REJECTED_INSUFFICIENT_UPLIFT,"[REJECTED_INSUFFICIENT_UPLIFT] standardized uplift 0.024 < 0.1 at retention 0.52 (REJECTED_INSUFFICIENT_UPLIFT_FOR_FREQUENCY_LOSS); [REJECTED_STATISTICAL] bootstrap CI lower bound -0.0000 <= 0, experiment_q 0.9975 > 0.05, campaign_q 0.9975 > 0.05",REVEALED,2026-09-30T18:04:36Z,2026-09-30T18:05:11Z,0.003188531207071698,157.0
C001,EXP_0001,EXP_0001_T15,DIR_RETURN_60,SPLINE,UPPER_HALF,44e06e221523aced82286d24445acbe7673293a6d4d9a5d2cfa5331167c97dd8,300ce5991f52cad544bbf6b84652d739db8d92e12ab32bc1583ee9ac5282fc6a,f80648bdf43fa0447a9475fc0a9c0a30000bc991a315ccea54f98753e7cd8025,2c578364b2b07ac5eb1454911a3391a2796b03c097e5d9f8f28e8863ad17e569,819cb33531905086e0c3abc52c610b61389bdcf02067ce15507bee4c65079e23,2016-01-04..2016-12-31,2017-01-01..2019-12-31,3337,1685,21.254777070063696,10.73248407643312,0.5049445609829188,6.5106758973206455e-06,-5.193615042441396e-05,-5.8446826321734605e-05,-0.018330329084472515,-0.00016737533272866606,4.5776677164709665e-05,0.8570714642678661,0.9975012493753125,0.9975012493753125,1,3,REJECTED_INSUFFICIENT_UPLIFT,"[REJECTED_INSUFFICIENT_UPLIFT] standardized uplift -0.018 < 0.1 at retention 0.50 (REJECTED_INSUFFICIENT_UPLIFT_FOR_FREQUENCY_LOSS); [REJECTED_STATISTICAL] bootstrap CI lower bound -0.0002 <= 0, experiment_q 0.9975 > 0.05, campaign_q 0.9975 > 0.05; [REJECTED_INSTABILITY] positive years 1/3 (need >= 70% of eligible years with >= 20 selected events)",REVEALED,2026-09-30T18:04:36Z,2026-09-30T18:05:11Z,0.003188531207071698,157.0
C001,EXP_0001,EXP_0001_T16,DIR_RETURN_60,SPLINE,LOWER_HALF,44e06e221523aced82286d24445acbe7673293a6d4d9a5d2cfa5331167c97dd8,300ce5991f52cad544bbf6b84652d739db8d92e12ab32bc1583ee9ac5282fc6a,f80648bdf43fa0447a9475fc0a9c0a30000bc991a315ccea54f98753e7cd8025,2c578364b2b07ac5eb1454911a3391a2796b03c097e5d9f8f28e8863ad17e569,819cb33531905086e0c3abc52c610b61389bdcf02067ce15507bee4c65079e23,2016-01-04..2016-12-31,2017-01-01..2019-12-31,3337,1652,21.254777070063696,10.522292993630574,0.4950554390170812,-6.5106758973206455e-06,-6.612502356809718e-05,-5.961434767077653e-05,-0.018696491832527962,-0.0001687122344260394,4.674283150503958e-05,0.8570714642678661,0.9975012493753125,0.9975012493753125,0,3,REJECTED_INSUFFICIENT_UPLIFT,"[REJECTED_INSUFFICIENT_UPLIFT] standardized uplift -0.019 < 0.1 at retention 0.50 (REJECTED_INSUFFICIENT_UPLIFT_FOR_FREQUENCY_LOSS); [REJECTED_STATISTICAL] bootstrap CI lower bound -0.0002 <= 0, experiment_q 0.9975 > 0.05, campaign_q 0.9975 > 0.05; [REJECTED_INSTABILITY] positive years 0/3 (need >= 70% of eligible years with >= 20 selected events)",REVEALED,2026-09-30T18:04:36Z,2026-09-30T18:05:11Z,0.003188531207071698,157.0
C001,EXP_0001,EXP_0001_T17,DIR_RETURN_60,XGB,UPPER_HALF,44e06e221523aced82286d24445acbe7673293a6d4d9a5d2cfa5331167c97dd8,300ce5991f52cad544bbf6b84652d739db8d92e12ab32bc1583ee9ac5282fc6a,f80648bdf43fa0447a9475fc0a9c0a30000bc991a315ccea54f98753e7cd8025,2c578364b2b07ac5eb1454911a3391a2796b03c097e5d9f8f28e8863ad17e569,819cb33531905086e0c3abc52c610b61389bdcf02067ce15507bee4c65079e23,2016-01-04..2016-12-31,2017-01-01..2019-12-31,3337,1610,21.254777070063696,10.254777070063694,0.4824692837878334,6.5106758973206455e-06,-3.911705260477389e-05,-4.5627728502094534e-05,-0.014309951993224615,-0.00016177360896604148,6.394948643881443e-05,0.7736131934032984,0.9975012493753125,0.9975012493753125,2,3,REJECTED_INSUFFICIENT_UPLIFT,"[REJECTED_INSUFFICIENT_UPLIFT] standardized uplift -0.014 < 0.1 at retention 0.48 (REJECTED_INSUFFICIENT_UPLIFT_FOR_FREQUENCY_LOSS); [REJECTED_STATISTICAL] bootstrap CI lower bound -0.0002 <= 0, experiment_q 0.9975 > 0.05, campaign_q 0.9975 > 0.05; [REJECTED_INSTABILITY] positive years 2/3 (need >= 70% of eligible years with >= 20 selected events)",REVEALED,2026-09-30T18:04:36Z,2026-09-30T18:05:11Z,0.003188531207071698,157.0
C001,EXP_0001,EXP_0001_T18,DIR_RETURN_60,XGB,LOWER_HALF,44e06e221523aced82286d24445acbe7673293a6d4d9a5d2cfa5331167c97dd8,300ce5991f52cad544bbf6b84652d739db8d92e12ab32bc1583ee9ac5282fc6a,f80648bdf43fa0447a9475fc0a9c0a30000bc991a315ccea54f98753e7cd8025,2c578364b2b07ac5eb1454911a3391a2796b03c097e5d9f8f28e8863ad17e569,819cb33531905086e0c3abc52c610b61389bdcf02067ce15507bee4c65079e23,2016-01-04..2016-12-31,2017-01-01..2019-12-31,3337,1727,21.254777070063696,11.0,0.5175307162121666,-6.5106758973206455e-06,-4.904723807935435e-05,-4.25365621820337e-05,-0.013340487961257459,-0.00015319036049215342,5.740255035640128e-05,0.7736131934032984,0.9975012493753125,0.9975012493753125,1,3,REJECTED_INSUFFICIENT_UPLIFT,"[REJECTED_INSUFFICIENT_UPLIFT] standardized uplift -0.013 < 0.1 at retention 0.52 (REJECTED_INSUFFICIENT_UPLIFT_FOR_FREQUENCY_LOSS); [REJECTED_STATISTICAL] bootstrap CI lower bound -0.0002 <= 0, experiment_q 0.9975 > 0.05, campaign_q 0.9975 > 0.05; [REJECTED_INSTABILITY] positive years 1/3 (need >= 70% of eligible years with >= 20 selected events)",REVEALED,2026-09-30T18:04:36Z,2026-09-30T18:05:11Z,0.003188531207071698,157.0
C001,EXP_0001,EXP_0001_T19,DIR_PATH_SKEW_60,RIDGE,UPPER_HALF,44e06e221523aced82286d24445acbe7673293a6d4d9a5d2cfa5331167c97dd8,300ce5991f52cad544bbf6b84652d739db8d92e12ab32bc1583ee9ac5282fc6a,f80648bdf43fa0447a9475fc0a9c0a30000bc991a315ccea54f98753e7cd8025,2c578364b2b07ac5eb1454911a3391a2796b03c097e5d9f8f28e8863ad17e569,819cb33531905086e0c3abc52c610b61389bdcf02067ce15507bee4c65079e23,2016-01-04..2016-12-31,2017-01-01..2019-12-31,3337,1570,21.254777070063696,10.0,0.47048246928378784,-4.918029673227759e-06,7.6076040707128735e-06,1.2525633743940633e-05,0.003558181086843952,-0.00011265389201250934,0.0001419757929914842,0.4397801099450275,0.9975012493753125,0.9975012493753125,2,3,REJECTED_INSUFFICIENT_UPLIFT,"[REJECTED_INSUFFICIENT_UPLIFT] standardized uplift 0.004 < 0.1 at retention 0.47 (REJECTED_INSUFFICIENT_UPLIFT_FOR_FREQUENCY_LOSS); [REJECTED_STATISTICAL] bootstrap CI lower bound -0.0001 <= 0, experiment_q 0.9975 > 0.05, campaign_q 0.9975 > 0.05; [REJECTED_INSTABILITY] positive years 2/3 (need >= 70% of eligible years with >= 20 selected events)",REVEALED,2026-09-30T18:04:36Z,2026-09-30T18:05:11Z,0.003520235040946346,157.0
C001,EXP_0001,EXP_0001_T20,DIR_PATH_SKEW_60,RIDGE,LOWER_HALF,44e06e221523aced82286d24445acbe7673293a6d4d9a5d2cfa5331167c97dd8,300ce5991f52cad544bbf6b84652d739db8d92e12ab32bc1583ee9ac5282fc6a,f80648bdf43fa0447a9475fc0a9c0a30000bc991a315ccea54f98753e7cd8025,2c578364b2b07ac5eb1454911a3391a2796b03c097e5d9f8f28e8863ad17e569,819cb33531905086e0c3abc52c610b61389bdcf02067ce15507bee4c65079e23,2016-01-04..2016-12-31,2017-01-01..2019-12-31,3337,1767,21.254777070063696,11.254777070063694,0.5295175307162122,4.918029673227759e-06,1.604720057191864e-05,1.1129170898690881e-05,0.0031614851761997747,-0.00010046441100189454,0.00012516110337195744,0.4397801099450275,0.9975012493753125,0.9975012493753125,2,3,REJECTED_INSUFFICIENT_UPLIFT,"[REJECTED_INSUFFICIENT_UPLIFT] standardized uplift 0.003 < 0.1 at retention 0.53 (REJECTED_INSUFFICIENT_UPLIFT_FOR_FREQUENCY_LOSS); [REJECTED_STATISTICAL] bootstrap CI lower bound -0.0001 <= 0, experiment_q 0.9975 > 0.05, campaign_q 0.9975 > 0.05; [REJECTED_INSTABILITY] positive years 2/3 (need >= 70% of eligible years with >= 20 selected events)",REVEALED,2026-09-30T18:04:36Z,2026-09-30T18:05:11Z,0.003520235040946346,157.0
C001,EXP_0001,EXP_0001_T21,DIR_PATH_SKEW_60,SPLINE,UPPER_HALF,44e06e221523aced82286d24445acbe7673293a6d4d9a5d2cfa5331167c97dd8,300ce5991f52cad544bbf6b84652d739db8d92e12ab32bc1583ee9ac5282fc6a,f80648bdf43fa0447a9475fc0a9c0a30000bc991a315ccea54f98753e7cd8025,2c578364b2b07ac5eb1454911a3391a2796b03c097e5d9f8f28e8863ad17e569,819cb33531905086e0c3abc52c610b61389bdcf02067ce15507bee4c65079e23,2016-01-04..2016-12-31,2017-01-01..2019-12-31,3337,1578,21.254777070063696,10.050955414012739,0.47287983218459695,-4.918029673227759e-06,-0.00011877948896282,-0.00011386145928959224,-0.03234484571774015,-0.0002363038357446814,7.12601245078975e-06,0.9660169915042479,0.9975012493753125,0.9975012493753125,0,3,REJECTED_INSUFFICIENT_UPLIFT,"[REJECTED_INSUFFICIENT_UPLIFT] standardized uplift -0.032 < 0.1 at retention 0.47 (REJECTED_INSUFFICIENT_UPLIFT_FOR_FREQUENCY_LOSS); [REJECTED_STATISTICAL] bootstrap CI lower bound -0.0002 <= 0, experiment_q 0.9975 > 0.05, campaign_q 0.9975 > 0.05; [REJECTED_INSTABILITY] positive years 0/3 (need >= 70% of eligible years with >= 20 selected events)",REVEALED,2026-09-30T18:04:36Z,2026-09-30T18:05:11Z,0.003520235040946346,157.0
C001,EXP_0001,EXP_0001_T22,DIR_PATH_SKEW_60,SPLINE,LOWER_HALF,44e06e221523aced82286d24445acbe7673293a6d4d9a5d2cfa5331167c97dd8,300ce5991f52cad544bbf6b84652d739db8d92e12ab32bc1583ee9ac5282fc6a,f80648bdf43fa0447a9475fc0a9c0a30000bc991a315ccea54f98753e7cd8025,2c578364b2b07ac5eb1454911a3391a2796b03c097e5d9f8f28e8863ad17e569,819cb33531905086e0c3abc52c610b61389bdcf02067ce15507bee4c65079e23,2016-01-04..2016-12-31,2017-01-01..2019-12-31,3337,1759,21.254777070063696,11.203821656050955,0.527120167815403,4.918029673227759e-06,-9.722715665933424e-05,-0.000102145186332562,-0.02901658132040589,-0.00021210474035100675,6.271040229374218e-06,0.9660169915042479,0.9975012493753125,0.9975012493753125,0,3,REJECTED_INSUFFICIENT_UPLIFT,"[REJECTED_INSUFFICIENT_UPLIFT] standardized uplift -0.029 < 0.1 at retention 0.53 (REJECTED_INSUFFICIENT_UPLIFT_FOR_FREQUENCY_LOSS); [REJECTED_STATISTICAL] bootstrap CI lower bound -0.0002 <= 0, experiment_q 0.9975 > 0.05, campaign_q 0.9975 > 0.05; [REJECTED_INSTABILITY] positive years 0/3 (need >= 70% of eligible years with >= 20 selected events)",REVEALED,2026-09-30T18:04:36Z,2026-09-30T18:05:11Z,0.003520235040946346,157.0
C001,EXP_0001,EXP_0001_T23,DIR_PATH_SKEW_60,XGB,UPPER_HALF,44e06e221523aced82286d24445acbe7673293a6d4d9a5d2cfa5331167c97dd8,300ce5991f52cad544bbf6b84652d739db8d92e12ab32bc1583ee9ac5282fc6a,f80648bdf43fa0447a9475fc0a9c0a30000bc991a315ccea54f98753e7cd8025,2c578364b2b07ac5eb1454911a3391a2796b03c097e5d9f8f28e8863ad17e569,819cb33531905086e0c3abc52c610b61389bdcf02067ce15507bee4c65079e23,2016-01-04..2016-12-31,2017-01-01..2019-12-31,3337,1527,21.254777070063696,9.726114649681529,0.45759664369193886,-4.918029673227759e-06,-0.00018879994117817318,-0.0001838819115049454,-0.05223569147119005,-0.0003101422104960565,-5.738106763320164e-05,0.9975012493753124,0.9975012493753125,0.9975012493753125,0,3,REJECTED_INSUFFICIENT_UPLIFT,"[REJECTED_INSUFFICIENT_UPLIFT] standardized uplift -0.052 < 0.1 at retention 0.46 (REJECTED_INSUFFICIENT_UPLIFT_FOR_FREQUENCY_LOSS); [REJECTED_STATISTICAL] bootstrap CI lower bound -0.0003 <= 0, experiment_q 0.9975 > 0.05, campaign_q 0.9975 > 0.05; [REJECTED_INSTABILITY] positive years 0/3 (need >= 70% of eligible years with >= 20 selected events)",REVEALED,2026-09-30T18:04:36Z,2026-09-30T18:05:11Z,0.003520235040946346,157.0
C001,EXP_0001,EXP_0001_T24,DIR_PATH_SKEW_60,XGB,LOWER_HALF,44e06e221523aced82286d24445acbe7673293a6d4d9a5d2cfa5331167c97dd8,300ce5991f52cad544bbf6b84652d739db8d92e12ab32bc1583ee9ac5282fc6a,f80648bdf43fa0447a9475fc0a9c0a30000bc991a315ccea54f98753e7cd8025,2c578364b2b07ac5eb1454911a3391a2796b03c097e5d9f8f28e8863ad17e569,819cb33531905086e0c3abc52c610b61389bdcf02067ce15507bee4c65079e23,2016-01-04..2016-12-31,2017-01-01..2019-12-31,3337,1810,21.254777070063696,11.528662420382165,0.5424033563080611,4.918029673227759e-06,-0.0001502132846185135,-0.00015513131429174126,-0.04406845352293216,-0.0002599762508329348,-4.926453419418016e-05,0.9975012493753124,0.9975012493753125,0.9975012493753125,0,3,REJECTED_INSUFFICIENT_UPLIFT,"[REJECTED_INSUFFICIENT_UPLIFT] standardized uplift -0.044 < 0.1 at retention 0.54 (REJECTED_INSUFFICIENT_UPLIFT_FOR_FREQUENCY_LOSS); [REJECTED_STATISTICAL] bootstrap CI lower bound -0.0003 <= 0, experiment_q 0.9975 > 0.05, campaign_q 0.9975 > 0.05; [REJECTED_INSTABILITY] positive years 0/3 (need >= 70% of eligible years with >= 20 selected events)",REVEALED,2026-09-30T18:04:36Z,2026-09-30T18:05:11Z,0.003520235040946346,157.0
