observation_id,campaign_id,experiment_id,created_at,category,description,metric_name,metric_value,eligible_for_promotion,diagnostic_label,note
OBS_00001,C001,EXP_0001,2026-10-05T11:31:11Z,score_decile_shape,DIR_RETURN_15/RIDGE: mean target top decile +0.00311 vs bottom decile -0.00312 (pooled DEVELOPMENT_CV deciles; not selection trials),decile10_minus_decile1,0.006231881799207037,False,DIAGNOSTIC ONLY — NOT A SELECTION TRIAL,DIAGNOSTIC - CANNOT INFLUENCE PROMOTION IN THE GENERATING EXPERIMENT; lead for a NEW experiment only
OBS_00002,C001,EXP_0001,2026-10-05T11:31:11Z,feature_importance,"DIR_RETURN_15/RIDGE: top features RET_5 (0.3155), day_of_week (0.2511), SIGNED_VOLUME_30 (0.1712) (diagnostic importance; models still consume the whole bank)",top_feature_importance,0.31548611311572317,False,DIAGNOSTIC ONLY — NOT A SELECTION TRIAL,DIAGNOSTIC - CANNOT INFLUENCE PROMOTION IN THE GENERATING EXPERIMENT; lead for a NEW experiment only
OBS_00003,C001,EXP_0001,2026-10-05T11:31:11Z,score_decile_shape,DIR_RETURN_15/SPLINE: mean target top decile +0.00277 vs bottom decile -0.00304 (pooled DEVELOPMENT_CV deciles; not selection trials),decile10_minus_decile1,0.005815723095546076,False,DIAGNOSTIC ONLY — NOT A SELECTION TRIAL,DIAGNOSTIC - CANNOT INFLUENCE PROMOTION IN THE GENERATING EXPERIMENT; lead for a NEW experiment only
OBS_00004,C001,EXP_0001,2026-10-05T11:31:12Z,feature_importance,"DIR_RETURN_15/SPLINE: top features RET_5 (1.939), RANGE_POS_15 (1.192), RANGE_POS_30 (0.7684) (diagnostic importance; models still consume the whole bank)",top_feature_importance,1.9391154785663454,False,DIAGNOSTIC ONLY — NOT A SELECTION TRIAL,DIAGNOSTIC - CANNOT INFLUENCE PROMOTION IN THE GENERATING EXPERIMENT; lead for a NEW experiment only
OBS_00005,C001,EXP_0001,2026-10-05T11:31:12Z,score_decile_shape,DIR_RETURN_15/XGB: mean target top decile +0.00307 vs bottom decile -0.00315 (pooled DEVELOPMENT_CV deciles; not selection trials),decile10_minus_decile1,0.006224396188269732,False,DIAGNOSTIC ONLY — NOT A SELECTION TRIAL,DIAGNOSTIC - CANNOT INFLUENCE PROMOTION IN THE GENERATING EXPERIMENT; lead for a NEW experiment only
OBS_00006,C001,EXP_0001,2026-10-05T11:31:12Z,feature_importance,"DIR_RETURN_15/XGB: top features RET_5 (0.06643), RANGE_POS_15 (0.05322), day_of_week (0.04875) (diagnostic importance; models still consume the whole bank)",top_feature_importance,0.06642545461654663,False,DIAGNOSTIC ONLY — NOT A SELECTION TRIAL,DIAGNOSTIC - CANNOT INFLUENCE PROMOTION IN THE GENERATING EXPERIMENT; lead for a NEW experiment only
OBS_00007,C001,EXP_0001,2026-10-05T11:31:12Z,score_decile_shape,DIR_RETURN_60/RIDGE: mean target top decile +0.00212 vs bottom decile -0.00293 (pooled DEVELOPMENT_CV deciles; not selection trials),decile10_minus_decile1,0.005046039681260602,False,DIAGNOSTIC ONLY — NOT A SELECTION TRIAL,DIAGNOSTIC - CANNOT INFLUENCE PROMOTION IN THE GENERATING EXPERIMENT; lead for a NEW experiment only
OBS_00008,C001,EXP_0001,2026-10-05T11:31:12Z,feature_importance,"DIR_RETURN_60/RIDGE: top features day_of_week (0.2509), COUNT_BALANCE_15 (0.2204), RET_5 (0.1468) (diagnostic importance; models still consume the whole bank)",top_feature_importance,0.25089038297393024,False,DIAGNOSTIC ONLY — NOT A SELECTION TRIAL,DIAGNOSTIC - CANNOT INFLUENCE PROMOTION IN THE GENERATING EXPERIMENT; lead for a NEW experiment only
OBS_00009,C001,EXP_0001,2026-10-05T11:31:12Z,score_decile_shape,DIR_RETURN_60/SPLINE: mean target top decile +0.00289 vs bottom decile -0.00301 (pooled DEVELOPMENT_CV deciles; not selection trials),decile10_minus_decile1,0.005902942874246928,False,DIAGNOSTIC ONLY — NOT A SELECTION TRIAL,DIAGNOSTIC - CANNOT INFLUENCE PROMOTION IN THE GENERATING EXPERIMENT; lead for a NEW experiment only
OBS_00010,C001,EXP_0001,2026-10-05T11:31:12Z,feature_importance,"DIR_RETURN_60/SPLINE: top features RET_5 (1.043), HURST_240 (0.8424), VR_60_2 (0.708) (diagnostic importance; models still consume the whole bank)",top_feature_importance,1.042778525552662,False,DIAGNOSTIC ONLY — NOT A SELECTION TRIAL,DIAGNOSTIC - CANNOT INFLUENCE PROMOTION IN THE GENERATING EXPERIMENT; lead for a NEW experiment only
OBS_00011,C001,EXP_0001,2026-10-05T11:31:12Z,score_decile_shape,DIR_RETURN_60/XGB: mean target top decile +0.00314 vs bottom decile -0.00347 (pooled DEVELOPMENT_CV deciles; not selection trials),decile10_minus_decile1,0.006616652809244467,False,DIAGNOSTIC ONLY — NOT A SELECTION TRIAL,DIAGNOSTIC - CANNOT INFLUENCE PROMOTION IN THE GENERATING EXPERIMENT; lead for a NEW experiment only
OBS_00012,C001,EXP_0001,2026-10-05T11:31:12Z,feature_importance,"DIR_RETURN_60/XGB: top features day_of_week (0.05609), RET_5 (0.03022), RANGE_POS_15 (0.02681) (diagnostic importance; models still consume the whole bank)",top_feature_importance,0.05608838032931089,False,DIAGNOSTIC ONLY — NOT A SELECTION TRIAL,DIAGNOSTIC - CANNOT INFLUENCE PROMOTION IN THE GENERATING EXPERIMENT; lead for a NEW experiment only
OBS_00013,C001,EXP_0001,2026-10-05T11:31:12Z,score_decile_shape,DIR_RETURN_180/RIDGE: mean target top decile -0.00052 vs bottom decile -0.00020 (pooled DEVELOPMENT_CV deciles; not selection trials),decile10_minus_decile1,-0.0003256354052285213,False,DIAGNOSTIC ONLY — NOT A SELECTION TRIAL,DIAGNOSTIC - CANNOT INFLUENCE PROMOTION IN THE GENERATING EXPERIMENT; lead for a NEW experiment only
OBS_00014,C001,EXP_0001,2026-10-05T11:31:12Z,feature_importance,"DIR_RETURN_180/RIDGE: top features day_of_week (0.3116), BROWNIAN_DISP_15 (0.1438), SIGNED_VOLUME_60 (0.1413) (diagnostic importance; models still consume the whole bank)",top_feature_importance,0.31161174775777195,False,DIAGNOSTIC ONLY — NOT A SELECTION TRIAL,DIAGNOSTIC - CANNOT INFLUENCE PROMOTION IN THE GENERATING EXPERIMENT; lead for a NEW experiment only
OBS_00015,C001,EXP_0001,2026-10-05T11:31:12Z,score_decile_shape,DIR_RETURN_180/SPLINE: mean target top decile +0.00009 vs bottom decile -0.00176 (pooled DEVELOPMENT_CV deciles; not selection trials),decile10_minus_decile1,0.0018466400381522109,False,DIAGNOSTIC ONLY — NOT A SELECTION TRIAL,DIAGNOSTIC - CANNOT INFLUENCE PROMOTION IN THE GENERATING EXPERIMENT; lead for a NEW experiment only
OBS_00016,C001,EXP_0001,2026-10-05T11:31:12Z,feature_importance,"DIR_RETURN_180/SPLINE: top features HURST_240 (0.7394), VOV_120 (0.7197), VR_60_2 (0.701) (diagnostic importance; models still consume the whole bank)",top_feature_importance,0.7394208410879579,False,DIAGNOSTIC ONLY — NOT A SELECTION TRIAL,DIAGNOSTIC - CANNOT INFLUENCE PROMOTION IN THE GENERATING EXPERIMENT; lead for a NEW experiment only
OBS_00017,C001,EXP_0001,2026-10-05T11:31:12Z,score_decile_shape,DIR_RETURN_180/XGB: mean target top decile +0.00102 vs bottom decile -0.00163 (pooled DEVELOPMENT_CV deciles; not selection trials),decile10_minus_decile1,0.0026462596069567936,False,DIAGNOSTIC ONLY — NOT A SELECTION TRIAL,DIAGNOSTIC - CANNOT INFLUENCE PROMOTION IN THE GENERATING EXPERIMENT; lead for a NEW experiment only
OBS_00018,C001,EXP_0001,2026-10-05T11:31:12Z,feature_importance,"DIR_RETURN_180/XGB: top features day_of_week (0.0672), minutes_since_RTH_open (0.0262), VOV_120 (0.02345) (diagnostic importance; models still consume the whole bank)",top_feature_importance,0.0671999947167933,False,DIAGNOSTIC ONLY — NOT A SELECTION TRIAL,DIAGNOSTIC - CANNOT INFLUENCE PROMOTION IN THE GENERATING EXPERIMENT; lead for a NEW experiment only
OBS_00019,C001,EXP_0001,2026-10-05T11:31:12Z,score_decile_shape,DIR_PATH_SKEW_60/RIDGE: mean target top decile +0.00529 vs bottom decile -0.00547 (pooled DEVELOPMENT_CV deciles; not selection trials),decile10_minus_decile1,0.010756399997913921,False,DIAGNOSTIC ONLY — NOT A SELECTION TRIAL,DIAGNOSTIC - CANNOT INFLUENCE PROMOTION IN THE GENERATING EXPERIMENT; lead for a NEW experiment only
OBS_00020,C001,EXP_0001,2026-10-05T11:31:12Z,feature_importance,"DIR_PATH_SKEW_60/RIDGE: top features day_of_week (0.2232), RET_5 (0.2061), COUNT_BALANCE_15 (0.1866) (diagnostic importance; models still consume the whole bank)",top_feature_importance,0.22323555374940368,False,DIAGNOSTIC ONLY — NOT A SELECTION TRIAL,DIAGNOSTIC - CANNOT INFLUENCE PROMOTION IN THE GENERATING EXPERIMENT; lead for a NEW experiment only
OBS_00021,C001,EXP_0001,2026-10-05T11:31:12Z,score_decile_shape,DIR_PATH_SKEW_60/SPLINE: mean target top decile +0.00410 vs bottom decile -0.00464 (pooled DEVELOPMENT_CV deciles; not selection trials),decile10_minus_decile1,0.008733826457611345,False,DIAGNOSTIC ONLY — NOT A SELECTION TRIAL,DIAGNOSTIC - CANNOT INFLUENCE PROMOTION IN THE GENERATING EXPERIMENT; lead for a NEW experiment only
OBS_00022,C001,EXP_0001,2026-10-05T11:31:12Z,feature_importance,"DIR_PATH_SKEW_60/SPLINE: top features RET_5 (1.327), COUNT_BALANCE_15 (0.7284), RANGE_POS_15 (0.7208) (diagnostic importance; models still consume the whole bank)",top_feature_importance,1.3269525299581097,False,DIAGNOSTIC ONLY — NOT A SELECTION TRIAL,DIAGNOSTIC - CANNOT INFLUENCE PROMOTION IN THE GENERATING EXPERIMENT; lead for a NEW experiment only
OBS_00023,C001,EXP_0001,2026-10-05T11:31:12Z,score_decile_shape,DIR_PATH_SKEW_60/XGB: mean target top decile +0.00464 vs bottom decile -0.00532 (pooled DEVELOPMENT_CV deciles; not selection trials),decile10_minus_decile1,0.009963954732441974,False,DIAGNOSTIC ONLY — NOT A SELECTION TRIAL,DIAGNOSTIC - CANNOT INFLUENCE PROMOTION IN THE GENERATING EXPERIMENT; lead for a NEW experiment only
OBS_00024,C001,EXP_0001,2026-10-05T11:31:12Z,feature_importance,"DIR_PATH_SKEW_60/XGB: top features day_of_week (0.05753), RET_5 (0.04162), RANGE_POS_15 (0.03721) (diagnostic importance; models still consume the whole bank)",top_feature_importance,0.057531220279634,False,DIAGNOSTIC ONLY — NOT A SELECTION TRIAL,DIAGNOSTIC - CANNOT INFLUENCE PROMOTION IN THE GENERATING EXPERIMENT; lead for a NEW experiment only
OBS_00025,C001,EXP_0001,2026-10-05T11:31:12Z,long_short_asymmetry,DIR_RETURN_15: mean uplift UPPER_HALF +0.00140 vs LOWER_HALF +0.00147 across models,upper_minus_lower_uplift,-7.585238180623306e-05,False,DIAGNOSTIC ONLY — NOT A SELECTION TRIAL,DIAGNOSTIC - CANNOT INFLUENCE PROMOTION IN THE GENERATING EXPERIMENT; lead for a NEW experiment only
OBS_00026,C001,EXP_0001,2026-10-05T11:31:12Z,long_short_asymmetry,DIR_RETURN_60: mean uplift UPPER_HALF +0.00118 vs LOWER_HALF +0.00103 across models,upper_minus_lower_uplift,0.00015085190919916693,False,DIAGNOSTIC ONLY — NOT A SELECTION TRIAL,DIAGNOSTIC - CANNOT INFLUENCE PROMOTION IN THE GENERATING EXPERIMENT; lead for a NEW experiment only
OBS_00027,C001,EXP_0001,2026-10-05T11:31:12Z,long_short_asymmetry,DIR_RETURN_180: mean uplift UPPER_HALF +0.00113 vs LOWER_HALF +0.00099 across models,upper_minus_lower_uplift,0.0001438930288592665,False,DIAGNOSTIC ONLY — NOT A SELECTION TRIAL,DIAGNOSTIC - CANNOT INFLUENCE PROMOTION IN THE GENERATING EXPERIMENT; lead for a NEW experiment only
OBS_00028,C001,EXP_0001,2026-10-05T11:31:12Z,long_short_asymmetry,DIR_PATH_SKEW_60: mean uplift UPPER_HALF +0.00213 vs LOWER_HALF +0.00202 across models,upper_minus_lower_uplift,0.00011874608879386623,False,DIAGNOSTIC ONLY — NOT A SELECTION TRIAL,DIAGNOSTIC - CANNOT INFLUENCE PROMOTION IN THE GENERATING EXPERIMENT; lead for a NEW experiment only
OBS_00029,C001,EXP_0001,2026-10-05T11:31:12Z,year_concentration,EXP_0001_T01: YEAR_CONCENTRATION_WARNING (largest year share 0.43 of total absolute uplift),year_concentration_share,0.4348058228279923,False,DIAGNOSTIC ONLY — NOT A SELECTION TRIAL,DIAGNOSTIC - CANNOT INFLUENCE PROMOTION IN THE GENERATING EXPERIMENT; lead for a NEW experiment only
OBS_00030,C001,EXP_0001,2026-10-05T11:31:12Z,year_concentration,EXP_0001_T02: YEAR_CONCENTRATION_WARNING (largest year share 0.43 of total absolute uplift),year_concentration_share,0.4348058228279922,False,DIAGNOSTIC ONLY — NOT A SELECTION TRIAL,DIAGNOSTIC - CANNOT INFLUENCE PROMOTION IN THE GENERATING EXPERIMENT; lead for a NEW experiment only
OBS_00031,C001,EXP_0001,2026-10-05T11:31:12Z,year_concentration,EXP_0001_T03: YEAR_CONCENTRATION_WARNING (largest year share 0.46 of total absolute uplift),year_concentration_share,0.4622289630731115,False,DIAGNOSTIC ONLY — NOT A SELECTION TRIAL,DIAGNOSTIC - CANNOT INFLUENCE PROMOTION IN THE GENERATING EXPERIMENT; lead for a NEW experiment only
OBS_00032,C001,EXP_0001,2026-10-05T11:31:12Z,year_concentration,EXP_0001_T04: YEAR_CONCENTRATION_WARNING (largest year share 0.46 of total absolute uplift),year_concentration_share,0.4622289630731114,False,DIAGNOSTIC ONLY — NOT A SELECTION TRIAL,DIAGNOSTIC - CANNOT INFLUENCE PROMOTION IN THE GENERATING EXPERIMENT; lead for a NEW experiment only
OBS_00033,C001,EXP_0001,2026-10-05T11:31:12Z,year_concentration,EXP_0001_T05: YEAR_CONCENTRATION_WARNING (largest year share 0.44 of total absolute uplift),year_concentration_share,0.4405522006523436,False,DIAGNOSTIC ONLY — NOT A SELECTION TRIAL,DIAGNOSTIC - CANNOT INFLUENCE PROMOTION IN THE GENERATING EXPERIMENT; lead for a NEW experiment only
OBS_00034,C001,EXP_0001,2026-10-05T11:31:12Z,year_concentration,EXP_0001_T06: YEAR_CONCENTRATION_WARNING (largest year share 0.44 of total absolute uplift),year_concentration_share,0.4405522006523436,False,DIAGNOSTIC ONLY — NOT A SELECTION TRIAL,DIAGNOSTIC - CANNOT INFLUENCE PROMOTION IN THE GENERATING EXPERIMENT; lead for a NEW experiment only
OBS_00035,C001,EXP_0001,2026-10-05T11:31:12Z,year_concentration,EXP_0001_T07: YEAR_CONCENTRATION_WARNING (largest year share 0.50 of total absolute uplift),year_concentration_share,0.5019952558838261,False,DIAGNOSTIC ONLY — NOT A SELECTION TRIAL,DIAGNOSTIC - CANNOT INFLUENCE PROMOTION IN THE GENERATING EXPERIMENT; lead for a NEW experiment only
OBS_00036,C001,EXP_0001,2026-10-05T11:31:12Z,year_concentration,EXP_0001_T08: YEAR_CONCENTRATION_WARNING (largest year share 0.50 of total absolute uplift),year_concentration_share,0.5019952558838261,False,DIAGNOSTIC ONLY — NOT A SELECTION TRIAL,DIAGNOSTIC - CANNOT INFLUENCE PROMOTION IN THE GENERATING EXPERIMENT; lead for a NEW experiment only
OBS_00037,C001,EXP_0001,2026-10-05T11:31:12Z,year_concentration,EXP_0001_T09: YEAR_CONCENTRATION_WARNING (largest year share 0.51 of total absolute uplift),year_concentration_share,0.5136696066794194,False,DIAGNOSTIC ONLY — NOT A SELECTION TRIAL,DIAGNOSTIC - CANNOT INFLUENCE PROMOTION IN THE GENERATING EXPERIMENT; lead for a NEW experiment only
OBS_00038,C001,EXP_0001,2026-10-05T11:31:12Z,year_concentration,EXP_0001_T10: YEAR_CONCENTRATION_WARNING (largest year share 0.51 of total absolute uplift),year_concentration_share,0.5136696066794193,False,DIAGNOSTIC ONLY — NOT A SELECTION TRIAL,DIAGNOSTIC - CANNOT INFLUENCE PROMOTION IN THE GENERATING EXPERIMENT; lead for a NEW experiment only
OBS_00039,C001,EXP_0001,2026-10-05T11:31:12Z,year_concentration,EXP_0001_T11: YEAR_CONCENTRATION_WARNING (largest year share 0.51 of total absolute uplift),year_concentration_share,0.5118196314454705,False,DIAGNOSTIC ONLY — NOT A SELECTION TRIAL,DIAGNOSTIC - CANNOT INFLUENCE PROMOTION IN THE GENERATING EXPERIMENT; lead for a NEW experiment only
OBS_00040,C001,EXP_0001,2026-10-05T11:31:12Z,year_concentration,EXP_0001_T12: YEAR_CONCENTRATION_WARNING (largest year share 0.51 of total absolute uplift),year_concentration_share,0.5118196314454703,False,DIAGNOSTIC ONLY — NOT A SELECTION TRIAL,DIAGNOSTIC - CANNOT INFLUENCE PROMOTION IN THE GENERATING EXPERIMENT; lead for a NEW experiment only
OBS_00041,C001,EXP_0001,2026-10-05T11:31:12Z,year_concentration,EXP_0001_T13: YEAR_CONCENTRATION_WARNING (largest year share 0.46 of total absolute uplift),year_concentration_share,0.460703004422498,False,DIAGNOSTIC ONLY — NOT A SELECTION TRIAL,DIAGNOSTIC - CANNOT INFLUENCE PROMOTION IN THE GENERATING EXPERIMENT; lead for a NEW experiment only
OBS_00042,C001,EXP_0001,2026-10-05T11:31:12Z,year_concentration,EXP_0001_T14: YEAR_CONCENTRATION_WARNING (largest year share 0.46 of total absolute uplift),year_concentration_share,0.4607030044224981,False,DIAGNOSTIC ONLY — NOT A SELECTION TRIAL,DIAGNOSTIC - CANNOT INFLUENCE PROMOTION IN THE GENERATING EXPERIMENT; lead for a NEW experiment only
OBS_00043,C001,EXP_0001,2026-10-05T11:31:12Z,year_concentration,EXP_0001_T15: YEAR_CONCENTRATION_WARNING (largest year share 0.41 of total absolute uplift),year_concentration_share,0.410475887300493,False,DIAGNOSTIC ONLY — NOT A SELECTION TRIAL,DIAGNOSTIC - CANNOT INFLUENCE PROMOTION IN THE GENERATING EXPERIMENT; lead for a NEW experiment only
OBS_00044,C001,EXP_0001,2026-10-05T11:31:12Z,year_concentration,EXP_0001_T16: YEAR_CONCENTRATION_WARNING (largest year share 0.41 of total absolute uplift),year_concentration_share,0.410475887300493,False,DIAGNOSTIC ONLY — NOT A SELECTION TRIAL,DIAGNOSTIC - CANNOT INFLUENCE PROMOTION IN THE GENERATING EXPERIMENT; lead for a NEW experiment only
OBS_00045,C001,EXP_0001,2026-10-05T11:31:12Z,year_concentration,EXP_0001_T17: YEAR_CONCENTRATION_WARNING (largest year share 0.49 of total absolute uplift),year_concentration_share,0.4918975109187428,False,DIAGNOSTIC ONLY — NOT A SELECTION TRIAL,DIAGNOSTIC - CANNOT INFLUENCE PROMOTION IN THE GENERATING EXPERIMENT; lead for a NEW experiment only
OBS_00046,C001,EXP_0001,2026-10-05T11:31:12Z,year_concentration,EXP_0001_T18: YEAR_CONCENTRATION_WARNING (largest year share 0.49 of total absolute uplift),year_concentration_share,0.4918975109187429,False,DIAGNOSTIC ONLY — NOT A SELECTION TRIAL,DIAGNOSTIC - CANNOT INFLUENCE PROMOTION IN THE GENERATING EXPERIMENT; lead for a NEW experiment only
OBS_00047,C001,EXP_0001,2026-10-05T11:31:12Z,year_concentration,EXP_0001_T19: YEAR_CONCENTRATION_WARNING (largest year share 0.48 of total absolute uplift),year_concentration_share,0.4756237609864643,False,DIAGNOSTIC ONLY — NOT A SELECTION TRIAL,DIAGNOSTIC - CANNOT INFLUENCE PROMOTION IN THE GENERATING EXPERIMENT; lead for a NEW experiment only
OBS_00048,C001,EXP_0001,2026-10-05T11:31:12Z,year_concentration,EXP_0001_T20: YEAR_CONCENTRATION_WARNING (largest year share 0.48 of total absolute uplift),year_concentration_share,0.4756237609864643,False,DIAGNOSTIC ONLY — NOT A SELECTION TRIAL,DIAGNOSTIC - CANNOT INFLUENCE PROMOTION IN THE GENERATING EXPERIMENT; lead for a NEW experiment only
OBS_00049,C001,EXP_0001,2026-10-05T11:31:12Z,year_concentration,EXP_0001_T21: YEAR_CONCENTRATION_WARNING (largest year share 0.50 of total absolute uplift),year_concentration_share,0.5047503383918629,False,DIAGNOSTIC ONLY — NOT A SELECTION TRIAL,DIAGNOSTIC - CANNOT INFLUENCE PROMOTION IN THE GENERATING EXPERIMENT; lead for a NEW experiment only
OBS_00050,C001,EXP_0001,2026-10-05T11:31:12Z,year_concentration,EXP_0001_T22: YEAR_CONCENTRATION_WARNING (largest year share 0.50 of total absolute uplift),year_concentration_share,0.504750338391863,False,DIAGNOSTIC ONLY — NOT A SELECTION TRIAL,DIAGNOSTIC - CANNOT INFLUENCE PROMOTION IN THE GENERATING EXPERIMENT; lead for a NEW experiment only
OBS_00051,C001,EXP_0001,2026-10-05T11:31:12Z,year_concentration,EXP_0001_T23: YEAR_CONCENTRATION_WARNING (largest year share 0.49 of total absolute uplift),year_concentration_share,0.4929038930969261,False,DIAGNOSTIC ONLY — NOT A SELECTION TRIAL,DIAGNOSTIC - CANNOT INFLUENCE PROMOTION IN THE GENERATING EXPERIMENT; lead for a NEW experiment only
OBS_00052,C001,EXP_0001,2026-10-05T11:31:12Z,year_concentration,EXP_0001_T24: YEAR_CONCENTRATION_WARNING (largest year share 0.49 of total absolute uplift),year_concentration_share,0.4929038930969261,False,DIAGNOSTIC ONLY — NOT A SELECTION TRIAL,DIAGNOSTIC - CANNOT INFLUENCE PROMOTION IN THE GENERATING EXPERIMENT; lead for a NEW experiment only
OBS_00053,C001,EXP_0001,2026-10-05T11:32:10Z,path_continuation,raw base event: continuation at 60 bars 2898/5718 (DIAGNOSTIC ONLY — NOT A SELECTION TRIAL; GROSS — COSTS NOT APPLIED),continuation_rate_60,0.5068205666316894,False,DIAGNOSTIC ONLY — NOT A SELECTION TRIAL,DIAGNOSTIC - CANNOT INFLUENCE PROMOTION IN THE GENERATING EXPERIMENT; lead for a NEW experiment only
OBS_00054,C001,EXP_0001,2026-10-05T11:32:10Z,path_dominance,raw base event: median path dominance (MFE+MAE) at 60 bars 1.8510916339164396 points (DIAGNOSTIC ONLY — NOT A SELECTION TRIAL; GROSS — COSTS NOT APPLIED),median_dominance_60,1.8510916339164396,False,DIAGNOSTIC ONLY — NOT A SELECTION TRIAL,DIAGNOSTIC - CANNOT INFLUENCE PROMOTION IN THE GENERATING EXPERIMENT; lead for a NEW experiment only
OBS_00055,C001,EXP_0001,2026-10-05T11:32:10Z,bracket_surface_description,24 of 64 fixed bracket cells have positive conservative mean gross points for the raw base event (descriptive count only; DIAGNOSTIC ONLY — NO BRACKET WAS SELECTED; GROSS — COSTS NOT APPLIED),cells_positive_mean_gross,24,False,DIAGNOSTIC ONLY — NOT A SELECTION TRIAL,DIAGNOSTIC - CANNOT INFLUENCE PROMOTION IN THE GENERATING EXPERIMENT; lead for a NEW experiment only
