campaign_id,experiment_id,trial_id,target,model,state,manifest_hash,event_hash,feature_bank_hash,target_bank_hash,model_bank_hash,trial_policy_hash,is_data_hash,train_period,validation_period,selection_opportunity_number,cumulative_campaign_selection_trials,n_parent_events,n_selected_events,parent_frequency,selected_frequency,retention_ratio,parent_effect,selected_effect,uplift,standardized_uplift,bootstrap_ci_low,bootstrap_ci_high,raw_p,experiment_q,experiment_bonferroni_p,campaign_q,campaign_bonferroni_p,positive_years,positive_uplift_years,eligible_years,folds_evaluated,positive_effect_folds,positive_uplift_folds,year_concentration_share,year_concentration_warning,decision,rejection_reason,status,registered_at,revealed_at,target_sd,n_cv_weeks
C001,EXP_0001,EXP_0001_T01,DIR_RETURN_15,RIDGE,UPPER_HALF,8bff93da2b38be54175c57ee8c7c3edf9fbf88ba6842f11e09b2b4da75a96ed4,dd3dc43384677409442cf430c5708bf8e5f0fafe10f4b6665c2cdd5d0e61e2e4,300ce5991f52cad544bbf6b84652d739db8d92e12ab32bc1583ee9ac5282fc6a,9f53cde1eaa2056e6e421fa399003526769d9c2766709b0c0b2e66cdf09c6f65,2c578364b2b07ac5eb1454911a3391a2796b03c097e5d9f8f28e8863ad17e569,66f93646a7d4368a2b010680831902b7209d775ecd5f5024fc2c3a7a65f34528,99deba244cd2790651042661941d558e73e3f0c42b3f508c0acf26dee9be2371,2016-01-04..2016-07-05(exclusive; first fold's training = history before validation),"2016-07-05..2018-12-31 DEVELOPMENT_CV folds [1, 2, 3, 4, 5]",1,24,4767,2357,36.38931297709924,17.99236641221374,0.4944409481854416,3.105992589310703e-05,0.0014294538163593276,0.0013983938904662207,0.21183029454338245,0.0011897132005463597,0.0015993908789347303,0.0004997501249375312,0.0004997501249375,0.0119940029985,0.0004997501249375,0.0119940029985,3,3,3,5,5,5,0.43480582282799235,True,IS_SHORTLIST_ELIGIBLE,,REVEALED,2026-10-01T19:41:32Z,2026-10-01T19:42:22Z,0.006601482066012197,131.0
C001,EXP_0001,EXP_0001_T02,DIR_RETURN_15,RIDGE,LOWER_HALF,8bff93da2b38be54175c57ee8c7c3edf9fbf88ba6842f11e09b2b4da75a96ed4,dd3dc43384677409442cf430c5708bf8e5f0fafe10f4b6665c2cdd5d0e61e2e4,300ce5991f52cad544bbf6b84652d739db8d92e12ab32bc1583ee9ac5282fc6a,9f53cde1eaa2056e6e421fa399003526769d9c2766709b0c0b2e66cdf09c6f65,2c578364b2b07ac5eb1454911a3391a2796b03c097e5d9f8f28e8863ad17e569,66f93646a7d4368a2b010680831902b7209d775ecd5f5024fc2c3a7a65f34528,99deba244cd2790651042661941d558e73e3f0c42b3f508c0acf26dee9be2371,2016-01-04..2016-07-05(exclusive; first fold's training = history before validation),"2016-07-05..2018-12-31 DEVELOPMENT_CV folds [1, 2, 3, 4, 5]",2,24,4767,2410,36.38931297709924,18.396946564885496,0.5055590518145584,-3.105992589310703e-05,0.0013365809039114084,0.0013676408298045153,0.20717178599118358,0.0011551423667158737,0.0015719407971766203,0.0004997501249375312,0.0004997501249375,0.0119940029985,0.0004997501249375,0.0119940029985,3,3,3,5,5,5,0.43480582282799224,True,IS_SHORTLIST_ELIGIBLE,,REVEALED,2026-10-01T19:41:32Z,2026-10-01T19:42:22Z,0.006601482066012197,131.0
C001,EXP_0001,EXP_0001_T03,DIR_RETURN_15,SPLINE,UPPER_HALF,8bff93da2b38be54175c57ee8c7c3edf9fbf88ba6842f11e09b2b4da75a96ed4,dd3dc43384677409442cf430c5708bf8e5f0fafe10f4b6665c2cdd5d0e61e2e4,300ce5991f52cad544bbf6b84652d739db8d92e12ab32bc1583ee9ac5282fc6a,9f53cde1eaa2056e6e421fa399003526769d9c2766709b0c0b2e66cdf09c6f65,2c578364b2b07ac5eb1454911a3391a2796b03c097e5d9f8f28e8863ad17e569,66f93646a7d4368a2b010680831902b7209d775ecd5f5024fc2c3a7a65f34528,99deba244cd2790651042661941d558e73e3f0c42b3f508c0acf26dee9be2371,2016-01-04..2016-07-05(exclusive; first fold's training = history before validation),"2016-07-05..2018-12-31 DEVELOPMENT_CV folds [1, 2, 3, 4, 5]",3,24,4767,2452,36.38931297709924,18.717557251908396,0.5143696245017831,3.105992589310703e-05,0.001426740920179457,0.0013956809942863501,0.21141934194929182,0.0012143584907663603,0.0015680290617210199,0.0004997501249375312,0.0004997501249375,0.0119940029985,0.0004997501249375,0.0119940029985,3,3,3,5,5,5,0.46222896307311157,True,IS_SHORTLIST_ELIGIBLE,,REVEALED,2026-10-01T19:41:32Z,2026-10-01T19:42:22Z,0.006601482066012197,131.0
C001,EXP_0001,EXP_0001_T04,DIR_RETURN_15,SPLINE,LOWER_HALF,8bff93da2b38be54175c57ee8c7c3edf9fbf88ba6842f11e09b2b4da75a96ed4,dd3dc43384677409442cf430c5708bf8e5f0fafe10f4b6665c2cdd5d0e61e2e4,300ce5991f52cad544bbf6b84652d739db8d92e12ab32bc1583ee9ac5282fc6a,9f53cde1eaa2056e6e421fa399003526769d9c2766709b0c0b2e66cdf09c6f65,2c578364b2b07ac5eb1454911a3391a2796b03c097e5d9f8f28e8863ad17e569,66f93646a7d4368a2b010680831902b7209d775ecd5f5024fc2c3a7a65f34528,99deba244cd2790651042661941d558e73e3f0c42b3f508c0acf26dee9be2371,2016-01-04..2016-07-05(exclusive; first fold's training = history before validation),"2016-07-05..2018-12-31 DEVELOPMENT_CV folds [1, 2, 3, 4, 5]",4,24,4767,2315,36.38931297709924,17.671755725190838,0.4856303754982169,-3.105992589310703e-05,0.0014472164447289792,0.0014782763706220861,0.22393098335190642,0.0012631517804351055,0.0016796103377248587,0.0004997501249375312,0.0004997501249375,0.0119940029985,0.0004997501249375,0.0119940029985,3,3,3,5,5,5,0.46222896307311145,True,IS_SHORTLIST_ELIGIBLE,,REVEALED,2026-10-01T19:41:32Z,2026-10-01T19:42:22Z,0.006601482066012197,131.0
C001,EXP_0001,EXP_0001_T05,DIR_RETURN_15,XGB,UPPER_HALF,8bff93da2b38be54175c57ee8c7c3edf9fbf88ba6842f11e09b2b4da75a96ed4,dd3dc43384677409442cf430c5708bf8e5f0fafe10f4b6665c2cdd5d0e61e2e4,300ce5991f52cad544bbf6b84652d739db8d92e12ab32bc1583ee9ac5282fc6a,9f53cde1eaa2056e6e421fa399003526769d9c2766709b0c0b2e66cdf09c6f65,2c578364b2b07ac5eb1454911a3391a2796b03c097e5d9f8f28e8863ad17e569,66f93646a7d4368a2b010680831902b7209d775ecd5f5024fc2c3a7a65f34528,99deba244cd2790651042661941d558e73e3f0c42b3f508c0acf26dee9be2371,2016-01-04..2016-07-05(exclusive; first fold's training = history before validation),"2016-07-05..2018-12-31 DEVELOPMENT_CV folds [1, 2, 3, 4, 5]",5,24,4767,2524,36.38931297709924,19.267175572519083,0.5294734633941682,3.105992589310703e-05,0.0014336519654570108,0.0014025920395639036,0.21246623493611597,0.0012149426117998444,0.0015837776429010175,0.0004997501249375312,0.0004997501249375,0.0119940029985,0.0004997501249375,0.0119940029985,3,3,3,5,5,5,0.44055220065234363,True,IS_SHORTLIST_ELIGIBLE,,REVEALED,2026-10-01T19:41:32Z,2026-10-01T19:42:22Z,0.006601482066012197,131.0
C001,EXP_0001,EXP_0001_T06,DIR_RETURN_15,XGB,LOWER_HALF,8bff93da2b38be54175c57ee8c7c3edf9fbf88ba6842f11e09b2b4da75a96ed4,dd3dc43384677409442cf430c5708bf8e5f0fafe10f4b6665c2cdd5d0e61e2e4,300ce5991f52cad544bbf6b84652d739db8d92e12ab32bc1583ee9ac5282fc6a,9f53cde1eaa2056e6e421fa399003526769d9c2766709b0c0b2e66cdf09c6f65,2c578364b2b07ac5eb1454911a3391a2796b03c097e5d9f8f28e8863ad17e569,66f93646a7d4368a2b010680831902b7209d775ecd5f5024fc2c3a7a65f34528,99deba244cd2790651042661941d558e73e3f0c42b3f508c0acf26dee9be2371,2016-01-04..2016-07-05(exclusive; first fold's training = history before validation),"2016-07-05..2018-12-31 DEVELOPMENT_CV folds [1, 2, 3, 4, 5]",6,24,4767,2243,36.38931297709924,17.12213740458015,0.47052653660583177,-3.105992589310703e-05,0.001547246943415539,0.0015783068693086461,0.239083716887542,0.0013722702836791779,0.001788315764320357,0.0004997501249375312,0.0004997501249375,0.0119940029985,0.0004997501249375,0.0119940029985,3,3,3,5,5,5,0.44055220065234363,True,IS_SHORTLIST_ELIGIBLE,,REVEALED,2026-10-01T19:41:32Z,2026-10-01T19:42:22Z,0.006601482066012197,131.0
C001,EXP_0001,EXP_0001_T07,DIR_RETURN_30,RIDGE,UPPER_HALF,8bff93da2b38be54175c57ee8c7c3edf9fbf88ba6842f11e09b2b4da75a96ed4,dd3dc43384677409442cf430c5708bf8e5f0fafe10f4b6665c2cdd5d0e61e2e4,300ce5991f52cad544bbf6b84652d739db8d92e12ab32bc1583ee9ac5282fc6a,9f53cde1eaa2056e6e421fa399003526769d9c2766709b0c0b2e66cdf09c6f65,2c578364b2b07ac5eb1454911a3391a2796b03c097e5d9f8f28e8863ad17e569,66f93646a7d4368a2b010680831902b7209d775ecd5f5024fc2c3a7a65f34528,99deba244cd2790651042661941d558e73e3f0c42b3f508c0acf26dee9be2371,2016-01-04..2016-07-05(exclusive; first fold's training = history before validation),"2016-07-05..2018-12-31 DEVELOPMENT_CV folds [1, 2, 3, 4, 5]",7,24,4767,2168,36.38931297709924,16.549618320610687,0.45479337109293055,-8.11503067485599e-06,0.0014460564036251494,0.0014541714343000054,0.14174065655129597,0.0011161971490286462,0.0017891148348559026,0.0004997501249375312,0.0004997501249375,0.0119940029985,0.0004997501249375,0.0119940029985,3,3,3,5,5,5,0.5042326345668137,True,IS_SHORTLIST_ELIGIBLE,,REVEALED,2026-10-01T19:41:32Z,2026-10-01T19:42:22Z,0.010259381250810986,131.0
C001,EXP_0001,EXP_0001_T08,DIR_RETURN_30,RIDGE,LOWER_HALF,8bff93da2b38be54175c57ee8c7c3edf9fbf88ba6842f11e09b2b4da75a96ed4,dd3dc43384677409442cf430c5708bf8e5f0fafe10f4b6665c2cdd5d0e61e2e4,300ce5991f52cad544bbf6b84652d739db8d92e12ab32bc1583ee9ac5282fc6a,9f53cde1eaa2056e6e421fa399003526769d9c2766709b0c0b2e66cdf09c6f65,2c578364b2b07ac5eb1454911a3391a2796b03c097e5d9f8f28e8863ad17e569,66f93646a7d4368a2b010680831902b7209d775ecd5f5024fc2c3a7a65f34528,99deba244cd2790651042661941d558e73e3f0c42b3f508c0acf26dee9be2371,2016-01-04..2016-07-05(exclusive; first fold's training = history before validation),"2016-07-05..2018-12-31 DEVELOPMENT_CV folds [1, 2, 3, 4, 5]",8,24,4767,2599,36.38931297709924,19.83969465648855,0.5452066289070694,8.11503067485599e-06,0.001221136835046696,0.0012130218043718399,0.11823537645371669,0.0009245977726813382,0.0015107663574499641,0.0004997501249375312,0.0004997501249375,0.0119940029985,0.0004997501249375,0.0119940029985,2,3,3,5,4,5,0.5042326345668139,True,REJECTED_INSTABILITY,[REJECTED_INSTABILITY] positive selected-effect years 2/3 < 70%,REVEALED,2026-10-01T19:41:32Z,2026-10-01T19:42:22Z,0.010259381250810986,131.0
C001,EXP_0001,EXP_0001_T09,DIR_RETURN_30,SPLINE,UPPER_HALF,8bff93da2b38be54175c57ee8c7c3edf9fbf88ba6842f11e09b2b4da75a96ed4,dd3dc43384677409442cf430c5708bf8e5f0fafe10f4b6665c2cdd5d0e61e2e4,300ce5991f52cad544bbf6b84652d739db8d92e12ab32bc1583ee9ac5282fc6a,9f53cde1eaa2056e6e421fa399003526769d9c2766709b0c0b2e66cdf09c6f65,2c578364b2b07ac5eb1454911a3391a2796b03c097e5d9f8f28e8863ad17e569,66f93646a7d4368a2b010680831902b7209d775ecd5f5024fc2c3a7a65f34528,99deba244cd2790651042661941d558e73e3f0c42b3f508c0acf26dee9be2371,2016-01-04..2016-07-05(exclusive; first fold's training = history before validation),"2016-07-05..2018-12-31 DEVELOPMENT_CV folds [1, 2, 3, 4, 5]",9,24,4767,2257,36.38931297709924,17.229007633587788,0.47346339416823996,-8.11503067485599e-06,0.0015706347770212637,0.0015787498076961198,0.15388353050739023,0.0012854299031078255,0.0018519472321074184,0.0004997501249375312,0.0004997501249375,0.0119940029985,0.0004997501249375,0.0119940029985,3,3,3,5,5,5,0.48258578257935225,True,IS_SHORTLIST_ELIGIBLE,,REVEALED,2026-10-01T19:41:32Z,2026-10-01T19:42:22Z,0.010259381250810986,131.0
C001,EXP_0001,EXP_0001_T10,DIR_RETURN_30,SPLINE,LOWER_HALF,8bff93da2b38be54175c57ee8c7c3edf9fbf88ba6842f11e09b2b4da75a96ed4,dd3dc43384677409442cf430c5708bf8e5f0fafe10f4b6665c2cdd5d0e61e2e4,300ce5991f52cad544bbf6b84652d739db8d92e12ab32bc1583ee9ac5282fc6a,9f53cde1eaa2056e6e421fa399003526769d9c2766709b0c0b2e66cdf09c6f65,2c578364b2b07ac5eb1454911a3391a2796b03c097e5d9f8f28e8863ad17e569,66f93646a7d4368a2b010680831902b7209d775ecd5f5024fc2c3a7a65f34528,99deba244cd2790651042661941d558e73e3f0c42b3f508c0acf26dee9be2371,2016-01-04..2016-07-05(exclusive; first fold's training = history before validation),"2016-07-05..2018-12-31 DEVELOPMENT_CV folds [1, 2, 3, 4, 5]",10,24,4767,2510,36.38931297709924,19.16030534351145,0.52653660583176,8.11503067485599e-06,0.0014277318896271038,0.0014196168589522477,0.13837256109768115,0.0011526150252452996,0.0016850910526500086,0.0004997501249375312,0.0004997501249375,0.0119940029985,0.0004997501249375,0.0119940029985,3,3,3,5,5,5,0.48258578257935225,True,IS_SHORTLIST_ELIGIBLE,,REVEALED,2026-10-01T19:41:32Z,2026-10-01T19:42:22Z,0.010259381250810986,131.0
C001,EXP_0001,EXP_0001_T11,DIR_RETURN_30,XGB,UPPER_HALF,8bff93da2b38be54175c57ee8c7c3edf9fbf88ba6842f11e09b2b4da75a96ed4,dd3dc43384677409442cf430c5708bf8e5f0fafe10f4b6665c2cdd5d0e61e2e4,300ce5991f52cad544bbf6b84652d739db8d92e12ab32bc1583ee9ac5282fc6a,9f53cde1eaa2056e6e421fa399003526769d9c2766709b0c0b2e66cdf09c6f65,2c578364b2b07ac5eb1454911a3391a2796b03c097e5d9f8f28e8863ad17e569,66f93646a7d4368a2b010680831902b7209d775ecd5f5024fc2c3a7a65f34528,99deba244cd2790651042661941d558e73e3f0c42b3f508c0acf26dee9be2371,2016-01-04..2016-07-05(exclusive; first fold's training = history before validation),"2016-07-05..2018-12-31 DEVELOPMENT_CV folds [1, 2, 3, 4, 5]",11,24,4767,2512,36.38931297709924,19.17557251908397,0.5269561569121041,-8.11503067485599e-06,0.0013098597812217043,0.0013179748118965604,0.12846533135635024,0.0010192323570797754,0.0015824288275551473,0.0004997501249375312,0.0004997501249375,0.0119940029985,0.0004997501249375,0.0119940029985,3,3,3,5,5,5,0.5024488187868977,True,IS_SHORTLIST_ELIGIBLE,,REVEALED,2026-10-01T19:41:32Z,2026-10-01T19:42:22Z,0.010259381250810986,131.0
C001,EXP_0001,EXP_0001_T12,DIR_RETURN_30,XGB,LOWER_HALF,8bff93da2b38be54175c57ee8c7c3edf9fbf88ba6842f11e09b2b4da75a96ed4,dd3dc43384677409442cf430c5708bf8e5f0fafe10f4b6665c2cdd5d0e61e2e4,300ce5991f52cad544bbf6b84652d739db8d92e12ab32bc1583ee9ac5282fc6a,9f53cde1eaa2056e6e421fa399003526769d9c2766709b0c0b2e66cdf09c6f65,2c578364b2b07ac5eb1454911a3391a2796b03c097e5d9f8f28e8863ad17e569,66f93646a7d4368a2b010680831902b7209d775ecd5f5024fc2c3a7a65f34528,99deba244cd2790651042661941d558e73e3f0c42b3f508c0acf26dee9be2371,2016-01-04..2016-07-05(exclusive; first fold's training = history before validation),"2016-07-05..2018-12-31 DEVELOPMENT_CV folds [1, 2, 3, 4, 5]",12,24,4767,2255,36.38931297709924,17.213740458015266,0.47304384308789593,8.11503067485599e-06,0.0014762980583840177,0.0014681830277091616,0.14310639129363717,0.0011283298987184514,0.0017868360016657916,0.0004997501249375312,0.0004997501249375,0.0119940029985,0.0004997501249375,0.0119940029985,3,3,3,5,5,5,0.5024488187868978,True,IS_SHORTLIST_ELIGIBLE,,REVEALED,2026-10-01T19:41:32Z,2026-10-01T19:42:22Z,0.010259381250810986,131.0
C001,EXP_0001,EXP_0001_T13,DIR_RETURN_60,RIDGE,UPPER_HALF,8bff93da2b38be54175c57ee8c7c3edf9fbf88ba6842f11e09b2b4da75a96ed4,dd3dc43384677409442cf430c5708bf8e5f0fafe10f4b6665c2cdd5d0e61e2e4,300ce5991f52cad544bbf6b84652d739db8d92e12ab32bc1583ee9ac5282fc6a,9f53cde1eaa2056e6e421fa399003526769d9c2766709b0c0b2e66cdf09c6f65,2c578364b2b07ac5eb1454911a3391a2796b03c097e5d9f8f28e8863ad17e569,66f93646a7d4368a2b010680831902b7209d775ecd5f5024fc2c3a7a65f34528,99deba244cd2790651042661941d558e73e3f0c42b3f508c0acf26dee9be2371,2016-01-04..2016-07-05(exclusive; first fold's training = history before validation),"2016-07-05..2018-12-31 DEVELOPMENT_CV folds [1, 2, 3, 4, 5]",13,24,4767,2046,36.38931297709924,15.618320610687023,0.4292007551919446,0.00016401805737108855,0.001611118808389206,0.0014471007510181175,0.09544791423418743,0.0009513351991102688,0.001979908311857049,0.0004997501249375312,0.0004997501249375,0.0119940029985,0.0004997501249375,0.0119940029985,3,3,3,5,5,5,0.5019952558838261,True,REJECTED_INSUFFICIENT_UPLIFT,[REJECTED_INSUFFICIENT_UPLIFT] standardized uplift 0.095 < 0.1 at retention 0.43 (REJECTED_INSUFFICIENT_UPLIFT_FOR_FREQUENCY_LOSS),REVEALED,2026-10-01T19:41:32Z,2026-10-01T19:42:22Z,0.015161156350337476,131.0
C001,EXP_0001,EXP_0001_T14,DIR_RETURN_60,RIDGE,LOWER_HALF,8bff93da2b38be54175c57ee8c7c3edf9fbf88ba6842f11e09b2b4da75a96ed4,dd3dc43384677409442cf430c5708bf8e5f0fafe10f4b6665c2cdd5d0e61e2e4,300ce5991f52cad544bbf6b84652d739db8d92e12ab32bc1583ee9ac5282fc6a,9f53cde1eaa2056e6e421fa399003526769d9c2766709b0c0b2e66cdf09c6f65,2c578364b2b07ac5eb1454911a3391a2796b03c097e5d9f8f28e8863ad17e569,66f93646a7d4368a2b010680831902b7209d775ecd5f5024fc2c3a7a65f34528,99deba244cd2790651042661941d558e73e3f0c42b3f508c0acf26dee9be2371,2016-01-04..2016-07-05(exclusive; first fold's training = history before validation),"2016-07-05..2018-12-31 DEVELOPMENT_CV folds [1, 2, 3, 4, 5]",14,24,4767,2721,36.38931297709924,20.770992366412212,0.5707992448080553,-0.00016401805737108855,0.0009240995966469447,0.0010881176540180333,0.07177009648039231,0.0007001875528199536,0.0014937648195218283,0.0004997501249375312,0.0004997501249375,0.0119940029985,0.0004997501249375,0.0119940029985,2,3,3,5,4,5,0.5019952558838261,True,REJECTED_INSUFFICIENT_UPLIFT,[REJECTED_INSUFFICIENT_UPLIFT] standardized uplift 0.072 < 0.1 at retention 0.57 (REJECTED_INSUFFICIENT_UPLIFT_FOR_FREQUENCY_LOSS); [REJECTED_INSTABILITY] positive selected-effect years 2/3 < 70%,REVEALED,2026-10-01T19:41:32Z,2026-10-01T19:42:22Z,0.015161156350337476,131.0
C001,EXP_0001,EXP_0001_T15,DIR_RETURN_60,SPLINE,UPPER_HALF,8bff93da2b38be54175c57ee8c7c3edf9fbf88ba6842f11e09b2b4da75a96ed4,dd3dc43384677409442cf430c5708bf8e5f0fafe10f4b6665c2cdd5d0e61e2e4,300ce5991f52cad544bbf6b84652d739db8d92e12ab32bc1583ee9ac5282fc6a,9f53cde1eaa2056e6e421fa399003526769d9c2766709b0c0b2e66cdf09c6f65,2c578364b2b07ac5eb1454911a3391a2796b03c097e5d9f8f28e8863ad17e569,66f93646a7d4368a2b010680831902b7209d775ecd5f5024fc2c3a7a65f34528,99deba244cd2790651042661941d558e73e3f0c42b3f508c0acf26dee9be2371,2016-01-04..2016-07-05(exclusive; first fold's training = history before validation),"2016-07-05..2018-12-31 DEVELOPMENT_CV folds [1, 2, 3, 4, 5]",15,24,4767,2253,36.38931297709924,17.198473282442748,0.4726242920075519,0.00016401805737108855,0.0011167903731214473,0.0009527723157503588,0.06284298464669225,0.0005087139499685751,0.0014047764547437753,0.0004997501249375312,0.0004997501249375,0.0119940029985,0.0004997501249375,0.0119940029985,3,2,3,5,5,4,0.5136696066794194,True,REJECTED_INSUFFICIENT_UPLIFT,[REJECTED_INSUFFICIENT_UPLIFT] standardized uplift 0.063 < 0.1 at retention 0.47 (REJECTED_INSUFFICIENT_UPLIFT_FOR_FREQUENCY_LOSS); [REJECTED_INSTABILITY] positive-uplift years 2/3 < 70%,REVEALED,2026-10-01T19:41:32Z,2026-10-01T19:42:22Z,0.015161156350337476,131.0
C001,EXP_0001,EXP_0001_T16,DIR_RETURN_60,SPLINE,LOWER_HALF,8bff93da2b38be54175c57ee8c7c3edf9fbf88ba6842f11e09b2b4da75a96ed4,dd3dc43384677409442cf430c5708bf8e5f0fafe10f4b6665c2cdd5d0e61e2e4,300ce5991f52cad544bbf6b84652d739db8d92e12ab32bc1583ee9ac5282fc6a,9f53cde1eaa2056e6e421fa399003526769d9c2766709b0c0b2e66cdf09c6f65,2c578364b2b07ac5eb1454911a3391a2796b03c097e5d9f8f28e8863ad17e569,66f93646a7d4368a2b010680831902b7209d775ecd5f5024fc2c3a7a65f34528,99deba244cd2790651042661941d558e73e3f0c42b3f508c0acf26dee9be2371,2016-01-04..2016-07-05(exclusive; first fold's training = history before validation),"2016-07-05..2018-12-31 DEVELOPMENT_CV folds [1, 2, 3, 4, 5]",16,24,4767,2514,36.38931297709924,19.19083969465649,0.527375707992448,-0.00016401805737108855,0.0006898387554314405,0.0008538568128025291,0.05631871297096167,0.00044977258535636676,0.0012789859204699215,0.0004997501249375312,0.0004997501249375,0.0119940029985,0.0004997501249375,0.0119940029985,2,2,3,5,4,4,0.5136696066794193,True,REJECTED_INSUFFICIENT_UPLIFT,"[REJECTED_INSUFFICIENT_UPLIFT] standardized uplift 0.056 < 0.1 at retention 0.53 (REJECTED_INSUFFICIENT_UPLIFT_FOR_FREQUENCY_LOSS); [REJECTED_INSTABILITY] positive selected-effect years 2/3 < 70%, positive-uplift years 2/3 < 70%",REVEALED,2026-10-01T19:41:32Z,2026-10-01T19:42:22Z,0.015161156350337476,131.0
C001,EXP_0001,EXP_0001_T17,DIR_RETURN_60,XGB,UPPER_HALF,8bff93da2b38be54175c57ee8c7c3edf9fbf88ba6842f11e09b2b4da75a96ed4,dd3dc43384677409442cf430c5708bf8e5f0fafe10f4b6665c2cdd5d0e61e2e4,300ce5991f52cad544bbf6b84652d739db8d92e12ab32bc1583ee9ac5282fc6a,9f53cde1eaa2056e6e421fa399003526769d9c2766709b0c0b2e66cdf09c6f65,2c578364b2b07ac5eb1454911a3391a2796b03c097e5d9f8f28e8863ad17e569,66f93646a7d4368a2b010680831902b7209d775ecd5f5024fc2c3a7a65f34528,99deba244cd2790651042661941d558e73e3f0c42b3f508c0acf26dee9be2371,2016-01-04..2016-07-05(exclusive; first fold's training = history before validation),"2016-07-05..2018-12-31 DEVELOPMENT_CV folds [1, 2, 3, 4, 5]",17,24,4767,2389,36.38931297709924,18.236641221374047,0.501153765470946,0.00016401805737108855,0.0013190499163896609,0.0011550318590185724,0.076183625597454,0.0006792209190188218,0.0016042428295191574,0.0004997501249375312,0.0004997501249375,0.0119940029985,0.0004997501249375,0.0119940029985,2,2,3,5,4,4,0.5118196314454705,True,REJECTED_INSUFFICIENT_UPLIFT,"[REJECTED_INSUFFICIENT_UPLIFT] standardized uplift 0.076 < 0.1 at retention 0.50 (REJECTED_INSUFFICIENT_UPLIFT_FOR_FREQUENCY_LOSS); [REJECTED_INSTABILITY] positive selected-effect years 2/3 < 70%, positive-uplift years 2/3 < 70%",REVEALED,2026-10-01T19:41:32Z,2026-10-01T19:42:22Z,0.015161156350337476,131.0
C001,EXP_0001,EXP_0001_T18,DIR_RETURN_60,XGB,LOWER_HALF,8bff93da2b38be54175c57ee8c7c3edf9fbf88ba6842f11e09b2b4da75a96ed4,dd3dc43384677409442cf430c5708bf8e5f0fafe10f4b6665c2cdd5d0e61e2e4,300ce5991f52cad544bbf6b84652d739db8d92e12ab32bc1583ee9ac5282fc6a,9f53cde1eaa2056e6e421fa399003526769d9c2766709b0c0b2e66cdf09c6f65,2c578364b2b07ac5eb1454911a3391a2796b03c097e5d9f8f28e8863ad17e569,66f93646a7d4368a2b010680831902b7209d775ecd5f5024fc2c3a7a65f34528,99deba244cd2790651042661941d558e73e3f0c42b3f508c0acf26dee9be2371,2016-01-04..2016-07-05(exclusive; first fold's training = history before validation),"2016-07-05..2018-12-31 DEVELOPMENT_CV folds [1, 2, 3, 4, 5]",18,24,4767,2378,36.38931297709924,18.15267175572519,0.4988462345290539,-0.00016401805737108855,0.0009963566739978641,0.0011603747313689526,0.076536030930327,0.0006768162475897689,0.001636063833275016,0.0004997501249375312,0.0004997501249375,0.0119940029985,0.0004997501249375,0.0119940029985,2,2,3,5,4,4,0.5118196314454703,True,REJECTED_INSUFFICIENT_UPLIFT,"[REJECTED_INSUFFICIENT_UPLIFT] standardized uplift 0.077 < 0.1 at retention 0.50 (REJECTED_INSUFFICIENT_UPLIFT_FOR_FREQUENCY_LOSS); [REJECTED_INSTABILITY] positive selected-effect years 2/3 < 70%, positive-uplift years 2/3 < 70%",REVEALED,2026-10-01T19:41:32Z,2026-10-01T19:42:22Z,0.015161156350337476,131.0
C001,EXP_0001,EXP_0001_T19,DIR_PATH_SKEW_60,RIDGE,UPPER_HALF,8bff93da2b38be54175c57ee8c7c3edf9fbf88ba6842f11e09b2b4da75a96ed4,dd3dc43384677409442cf430c5708bf8e5f0fafe10f4b6665c2cdd5d0e61e2e4,300ce5991f52cad544bbf6b84652d739db8d92e12ab32bc1583ee9ac5282fc6a,9f53cde1eaa2056e6e421fa399003526769d9c2766709b0c0b2e66cdf09c6f65,2c578364b2b07ac5eb1454911a3391a2796b03c097e5d9f8f28e8863ad17e569,66f93646a7d4368a2b010680831902b7209d775ecd5f5024fc2c3a7a65f34528,99deba244cd2790651042661941d558e73e3f0c42b3f508c0acf26dee9be2371,2016-01-04..2016-07-05(exclusive; first fold's training = history before validation),"2016-07-05..2018-12-31 DEVELOPMENT_CV folds [1, 2, 3, 4, 5]",19,24,4767,2168,36.38931297709924,16.549618320610687,0.45479337109293055,0.00012453788860546802,0.002564525197832803,0.002439987309227335,0.15090502130869138,0.0019211047981291072,0.0029638870836867525,0.0004997501249375312,0.0004997501249375,0.0119940029985,0.0004997501249375,0.0119940029985,3,3,3,5,5,5,0.4756237609864643,True,IS_SHORTLIST_ELIGIBLE,,REVEALED,2026-10-01T19:41:32Z,2026-10-01T19:42:22Z,0.01616902663719914,131.0
C001,EXP_0001,EXP_0001_T20,DIR_PATH_SKEW_60,RIDGE,LOWER_HALF,8bff93da2b38be54175c57ee8c7c3edf9fbf88ba6842f11e09b2b4da75a96ed4,dd3dc43384677409442cf430c5708bf8e5f0fafe10f4b6665c2cdd5d0e61e2e4,300ce5991f52cad544bbf6b84652d739db8d92e12ab32bc1583ee9ac5282fc6a,9f53cde1eaa2056e6e421fa399003526769d9c2766709b0c0b2e66cdf09c6f65,2c578364b2b07ac5eb1454911a3391a2796b03c097e5d9f8f28e8863ad17e569,66f93646a7d4368a2b010680831902b7209d775ecd5f5024fc2c3a7a65f34528,99deba244cd2790651042661941d558e73e3f0c42b3f508c0acf26dee9be2371,2016-01-04..2016-07-05(exclusive; first fold's training = history before validation),"2016-07-05..2018-12-31 DEVELOPMENT_CV folds [1, 2, 3, 4, 5]",20,24,4767,2599,36.38931297709924,19.83969465648855,0.5452066289070694,-0.00012453788860546802,0.0019108189741897847,0.0020353568627952527,0.12587998699393724,0.0015864376262542336,0.0025128086469474965,0.0004997501249375312,0.0004997501249375,0.0119940029985,0.0004997501249375,0.0119940029985,3,3,3,5,5,5,0.4756237609864643,True,IS_SHORTLIST_ELIGIBLE,,REVEALED,2026-10-01T19:41:32Z,2026-10-01T19:42:22Z,0.01616902663719914,131.0
C001,EXP_0001,EXP_0001_T21,DIR_PATH_SKEW_60,SPLINE,UPPER_HALF,8bff93da2b38be54175c57ee8c7c3edf9fbf88ba6842f11e09b2b4da75a96ed4,dd3dc43384677409442cf430c5708bf8e5f0fafe10f4b6665c2cdd5d0e61e2e4,300ce5991f52cad544bbf6b84652d739db8d92e12ab32bc1583ee9ac5282fc6a,9f53cde1eaa2056e6e421fa399003526769d9c2766709b0c0b2e66cdf09c6f65,2c578364b2b07ac5eb1454911a3391a2796b03c097e5d9f8f28e8863ad17e569,66f93646a7d4368a2b010680831902b7209d775ecd5f5024fc2c3a7a65f34528,99deba244cd2790651042661941d558e73e3f0c42b3f508c0acf26dee9be2371,2016-01-04..2016-07-05(exclusive; first fold's training = history before validation),"2016-07-05..2018-12-31 DEVELOPMENT_CV folds [1, 2, 3, 4, 5]",21,24,4767,2294,36.38931297709924,17.51145038167939,0.48122508915460455,0.00012453788860546802,0.002153339436061625,0.002028801547456157,0.12547456275374122,0.001569463716128496,0.0024695988407724637,0.0004997501249375312,0.0004997501249375,0.0119940029985,0.0004997501249375,0.0119940029985,3,3,3,5,5,5,0.5047503383918629,True,IS_SHORTLIST_ELIGIBLE,,REVEALED,2026-10-01T19:41:32Z,2026-10-01T19:42:22Z,0.01616902663719914,131.0
C001,EXP_0001,EXP_0001_T22,DIR_PATH_SKEW_60,SPLINE,LOWER_HALF,8bff93da2b38be54175c57ee8c7c3edf9fbf88ba6842f11e09b2b4da75a96ed4,dd3dc43384677409442cf430c5708bf8e5f0fafe10f4b6665c2cdd5d0e61e2e4,300ce5991f52cad544bbf6b84652d739db8d92e12ab32bc1583ee9ac5282fc6a,9f53cde1eaa2056e6e421fa399003526769d9c2766709b0c0b2e66cdf09c6f65,2c578364b2b07ac5eb1454911a3391a2796b03c097e5d9f8f28e8863ad17e569,66f93646a7d4368a2b010680831902b7209d775ecd5f5024fc2c3a7a65f34528,99deba244cd2790651042661941d558e73e3f0c42b3f508c0acf26dee9be2371,2016-01-04..2016-07-05(exclusive; first fold's training = history before validation),"2016-07-05..2018-12-31 DEVELOPMENT_CV folds [1, 2, 3, 4, 5]",22,24,4767,2473,36.38931297709924,18.87786259541985,0.5187749108453954,-0.00012453788860546802,0.0017574155080238984,0.0018819533966293663,0.11639249775862608,0.001416807878644313,0.0023428118788635546,0.0004997501249375312,0.0004997501249375,0.0119940029985,0.0004997501249375,0.0119940029985,3,3,3,5,5,5,0.504750338391863,True,IS_SHORTLIST_ELIGIBLE,,REVEALED,2026-10-01T19:41:32Z,2026-10-01T19:42:22Z,0.01616902663719914,131.0
C001,EXP_0001,EXP_0001_T23,DIR_PATH_SKEW_60,XGB,UPPER_HALF,8bff93da2b38be54175c57ee8c7c3edf9fbf88ba6842f11e09b2b4da75a96ed4,dd3dc43384677409442cf430c5708bf8e5f0fafe10f4b6665c2cdd5d0e61e2e4,300ce5991f52cad544bbf6b84652d739db8d92e12ab32bc1583ee9ac5282fc6a,9f53cde1eaa2056e6e421fa399003526769d9c2766709b0c0b2e66cdf09c6f65,2c578364b2b07ac5eb1454911a3391a2796b03c097e5d9f8f28e8863ad17e569,66f93646a7d4368a2b010680831902b7209d775ecd5f5024fc2c3a7a65f34528,99deba244cd2790651042661941d558e73e3f0c42b3f508c0acf26dee9be2371,2016-01-04..2016-07-05(exclusive; first fold's training = history before validation),"2016-07-05..2018-12-31 DEVELOPMENT_CV folds [1, 2, 3, 4, 5]",23,24,4767,2498,36.38931297709924,19.068702290076335,0.5240192993496958,0.00012453788860546802,0.002059037062233012,0.0019344991736275439,0.11964227761100683,0.001483376074806129,0.002359034768449901,0.0004997501249375312,0.0004997501249375,0.0119940029985,0.0004997501249375,0.0119940029985,3,3,3,5,5,5,0.4929038930969261,True,IS_SHORTLIST_ELIGIBLE,,REVEALED,2026-10-01T19:41:32Z,2026-10-01T19:42:22Z,0.01616902663719914,131.0
C001,EXP_0001,EXP_0001_T24,DIR_PATH_SKEW_60,XGB,LOWER_HALF,8bff93da2b38be54175c57ee8c7c3edf9fbf88ba6842f11e09b2b4da75a96ed4,dd3dc43384677409442cf430c5708bf8e5f0fafe10f4b6665c2cdd5d0e61e2e4,300ce5991f52cad544bbf6b84652d739db8d92e12ab32bc1583ee9ac5282fc6a,9f53cde1eaa2056e6e421fa399003526769d9c2766709b0c0b2e66cdf09c6f65,2c578364b2b07ac5eb1454911a3391a2796b03c097e5d9f8f28e8863ad17e569,66f93646a7d4368a2b010680831902b7209d775ecd5f5024fc2c3a7a65f34528,99deba244cd2790651042661941d558e73e3f0c42b3f508c0acf26dee9be2371,2016-01-04..2016-07-05(exclusive; first fold's training = history before validation),"2016-07-05..2018-12-31 DEVELOPMENT_CV folds [1, 2, 3, 4, 5]",24,24,4767,2269,36.38931297709924,17.3206106870229,0.4759807006503042,-0.00012453788860546802,0.0020052016158994255,0.0021297395045048934,0.13171723643556413,0.0015850551187241721,0.002673187799149086,0.0004997501249375312,0.0004997501249375,0.0119940029985,0.0004997501249375,0.0119940029985,2,3,3,5,5,5,0.4929038930969261,True,REJECTED_INSTABILITY,[REJECTED_INSTABILITY] positive selected-effect years 2/3 < 70%,REVEALED,2026-10-01T19:41:32Z,2026-10-01T19:42:22Z,0.01616902663719914,131.0
